pair,subject,condition,band,spearman_r,spearman_p,pearson_r,pearson_p,n
12,machine-10-1,label0,delta,-0.08881,0.09203,-0.03756,0.47686,361
12,machine-10-1,label0,theta,-1e-05,0.9999,-0.006,0.90962,361
12,machine-10-1,label0,alpha,-0.09097,0.08433,-0.1421,0.00685,361
12,machine-10-1,label0,beta,-0.05514,0.29613,-0.01627,0.75802,361
12,machine-10-1,label0,gamma,-0.13287,0.0115,-0.12564,0.01693,361
12,machine-10-1,label1,delta,-0.15866,0.0025,-0.10536,0.04544,361
12,machine-10-1,label1,theta,-0.09162,0.08215,-0.12889,0.01426,361
12,machine-10-1,label1,alpha,0.02189,0.67845,0.0417,0.42954,361
12,machine-10-1,label1,beta,-0.03754,0.47707,0.01893,0.72005,361
12,machine-10-1,label1,gamma,0.00923,0.86129,0.03294,0.53277,361
12,machine-10-1,diff,delta,-0.21581,4e-05,-0.29663,0.0,361
12,machine-10-1,diff,theta,-0.19307,0.00022,-0.16198,0.00202,361
12,machine-10-1,diff,alpha,-0.15409,0.00333,-0.14014,0.00766,361
12,machine-10-1,diff,beta,0.25389,0.0,0.27634,0.0,361
12,machine-10-1,diff,gamma,0.0161,0.76041,0.03405,0.51896,361
12,machine-10-2,label0,delta,0.43283,0.0,0.4754,0.0,361
12,machine-10-2,label0,theta,0.32906,0.0,0.32169,0.0,361
12,machine-10-2,label0,alpha,-0.09341,0.07631,-0.07632,0.14786,361
12,machine-10-2,label0,beta,-0.28804,0.0,-0.28654,0.0,361
12,machine-10-2,label0,gamma,-0.08213,0.11931,-0.08627,0.10174,361
12,machine-10-2,label1,delta,0.00065,0.99012,0.05599,0.28869,361
12,machine-10-2,label1,theta,-0.20077,0.00012,-0.2175,3e-05,361
12,machine-10-2,label1,alpha,0.02891,0.584,0.04732,0.36997,361
12,machine-10-2,label1,beta,-0.07681,0.14523,-0.02552,0.6289,361
12,machine-10-2,label1,gamma,-0.03272,0.53544,-0.01867,0.72373,361
12,machine-10-2,diff,delta,-0.33861,0.0,-0.27888,0.0,361
12,machine-10-2,diff,theta,-0.28416,0.0,-0.30551,0.0,361
12,machine-10-2,diff,alpha,-0.12776,0.01514,-0.04415,0.40301,361
12,machine-10-2,diff,beta,0.27929,0.0,0.33711,0.0,361
12,machine-10-2,diff,gamma,0.05304,0.31492,0.10472,0.04678,361
12,machine-10-3,label0,delta,0.52989,0.0,0.56775,0.0,361
12,machine-10-3,label0,theta,0.34572,0.0,0.34367,0.0,361
12,machine-10-3,label0,alpha,0.17335,0.00094,0.16647,0.0015,361
12,machine-10-3,label0,beta,-0.34321,0.0,-0.35756,0.0,361
12,machine-10-3,label0,gamma,-0.0746,0.15723,-0.06126,0.24564,361
12,machine-10-3,label1,delta,-0.04182,0.42829,0.01626,0.75821,361
12,machine-10-3,label1,theta,-0.27298,0.0,-0.21515,4e-05,361
12,machine-10-3,label1,alpha,-0.22822,1e-05,-0.2065,8e-05,361
12,machine-10-3,label1,beta,-0.01831,0.72884,-0.0089,0.86612,361
12,machine-10-3,label1,gamma,0.18664,0.00036,0.17488,0.00085,361
12,machine-10-3,diff,delta,-0.2511,0.0,-0.28141,0.0,361
12,machine-10-3,diff,theta,-0.33273,0.0,-0.33193,0.0,361
12,machine-10-3,diff,alpha,-0.29282,0.0,-0.20866,6e-05,361
12,machine-10-3,diff,beta,0.25944,0.0,0.36118,0.0,361
12,machine-10-3,diff,gamma,0.07103,0.17809,0.07762,0.14104,361
12,machine-10-4,label0,delta,0.49104,0.0,0.54798,0.0,361
12,machine-10-4,label0,theta,0.42745,0.0,0.42955,0.0,361
12,machine-10-4,label0,alpha,0.12435,0.0181,0.12183,0.02059,361
12,machine-10-4,label0,beta,-0.39762,0.0,-0.36695,0.0,361
12,machine-10-4,label0,gamma,-0.07333,0.16445,-0.03414,0.51786,361
12,machine-10-4,label1,delta,0.0038,0.94269,0.13024,0.01327,361
12,machine-10-4,label1,theta,-0.17297,0.00097,-0.14747,0.00499,361
12,machine-10-4,label1,alpha,-0.22957,1e-05,-0.20417,9e-05,361
12,machine-10-4,label1,beta,-0.26487,0.0,-0.19588,0.00018,361
12,machine-10-4,label1,gamma,0.11275,0.03221,0.12371,0.01871,361
12,machine-10-4,diff,delta,-0.308,0.0,-0.29975,0.0,361
12,machine-10-4,diff,theta,-0.33515,0.0,-0.39976,0.0,361
12,machine-10-4,diff,alpha,-0.32275,0.0,-0.2569,0.0,361
12,machine-10-4,diff,beta,0.1552,0.00311,0.19854,0.00015,361
12,machine-10-4,diff,gamma,0.00839,0.87377,0.02088,0.6925,361
12,machine-11-1,label0,delta,0.37763,0.0,0.38959,0.0,361
12,machine-11-1,label0,theta,0.08669,0.10006,0.106,0.04415,361
12,machine-11-1,label0,alpha,-0.10236,0.05199,-0.12126,0.0212,361
12,machine-11-1,label0,beta,0.01733,0.74282,0.02315,0.66112,361
12,machine-11-1,label0,gamma,-0.22108,2e-05,-0.23109,1e-05,361
12,machine-11-1,label1,delta,0.05074,0.33634,0.02383,0.65174,361
12,machine-11-1,label1,theta,-0.00089,0.98654,0.02917,0.58067,361
12,machine-11-1,label1,alpha,-0.04792,0.36397,-0.08205,0.11967,361
12,machine-11-1,label1,beta,0.0832,0.11455,0.08568,0.10412,361
12,machine-11-1,label1,gamma,-0.04046,0.44341,-0.02217,0.6746,361
12,machine-11-1,diff,delta,0.04341,0.41092,-0.11642,0.02698,361
12,machine-11-1,diff,theta,0.17565,0.0008,0.15884,0.00247,361
12,machine-11-1,diff,alpha,-0.03216,0.54251,-0.10586,0.04442,361
12,machine-11-1,diff,beta,0.14384,0.00619,0.13945,0.00797,361
12,machine-11-1,diff,gamma,0.06914,0.18996,0.13316,0.01132,361
12,machine-11-2,label0,delta,0.52748,0.0,0.50876,0.0,361
12,machine-11-2,label0,theta,0.28325,0.0,0.49204,0.0,361
12,machine-11-2,label0,alpha,-0.27393,0.0,-0.29694,0.0,361
12,machine-11-2,label0,beta,0.16181,0.00204,0.11727,0.02587,361
12,machine-11-2,label0,gamma,-0.17406,0.0009,-0.1892,0.0003,361
12,machine-11-2,label1,delta,0.21332,4e-05,0.26296,0.0,361
12,machine-11-2,label1,theta,0.06594,0.21132,0.13742,0.00894,361
12,machine-11-2,label1,alpha,0.02936,0.57822,0.08749,0.09696,361
12,machine-11-2,label1,beta,0.1437,0.00624,0.14987,0.00432,361
12,machine-11-2,label1,gamma,-0.00133,0.97987,-0.02597,0.62285,361
12,machine-11-2,diff,delta,-0.2564,0.0,-0.1466,0.00526,361
12,machine-11-2,diff,theta,-0.19501,0.00019,-0.22829,1e-05,361
12,machine-11-2,diff,alpha,-0.00282,0.95744,0.11281,0.03213,361
12,machine-11-2,diff,beta,0.21696,3e-05,0.13507,0.01019,361
12,machine-11-2,diff,gamma,0.06035,0.25274,-6e-05,0.99915,361
12,machine-11-3,label0,delta,0.3865,0.0,0.40814,0.0,361
12,machine-11-3,label0,theta,0.35338,0.0,0.56132,0.0,361
12,machine-11-3,label0,alpha,-0.08196,0.12008,0.03638,0.49083,361
12,machine-11-3,label0,beta,-0.087,0.09885,-0.06509,0.21727,361
12,machine-11-3,label0,gamma,-0.09622,0.06784,-0.126,0.01661,361
12,machine-11-3,label1,delta,0.27501,0.0,0.38423,0.0,361
12,machine-11-3,label1,theta,0.09608,0.06824,0.21288,5e-05,361
12,machine-11-3,label1,alpha,0.1024,0.0519,0.15843,0.00254,361
12,machine-11-3,label1,beta,-0.10259,0.05146,-0.1035,0.04943,361
12,machine-11-3,label1,gamma,-0.08699,0.09888,-0.08846,0.09332,361
12,machine-11-3,diff,delta,0.10817,0.03996,0.06566,0.2133,361
12,machine-11-3,diff,theta,0.05512,0.29627,0.02855,0.58876,361
12,machine-11-3,diff,alpha,0.10645,0.04325,0.14025,0.00761,361
12,machine-11-3,diff,beta,-0.05894,0.26398,-0.0991,0.05998,361
12,machine-11-3,diff,gamma,-0.12326,0.01914,-0.13187,0.01215,361
12,machine-11-4,label0,delta,0.36033,0.0,0.35565,0.0,361
12,machine-11-4,label0,theta,0.26292,0.0,0.39509,0.0,361
12,machine-11-4,label0,alpha,-0.40034,0.0,-0.18705,0.00035,361
12,machine-11-4,label0,beta,-0.27213,0.0,-0.27084,0.0,361
12,machine-11-4,label0,gamma,-0.18155,0.00053,-0.21861,3e-05,361
12,machine-11-4,label1,delta,0.16521,0.00163,0.28283,0.0,361
12,machine-11-4,label1,theta,0.21484,4e-05,0.2616,0.0,361
12,machine-11-4,label1,alpha,-0.17458,0.00086,-0.08807,0.09475,361
12,machine-11-4,label1,beta,-0.14096,0.00731,-0.1843,0.00043,361
12,machine-11-4,label1,gamma,-0.08134,0.1229,-0.12945,0.01384,361
12,machine-11-4,diff,delta,-0.10222,0.05232,-0.16002,0.00229,361
12,machine-11-4,diff,theta,0.05431,0.30347,0.0116,0.8262,361
12,machine-11-4,diff,alpha,0.1285,0.01456,0.18569,0.00039,361
12,machine-11-4,diff,beta,-0.08249,0.11769,-0.04827,0.36048,361
12,machine-11-4,diff,gamma,-0.01408,0.78978,-0.02079,0.69378,361
12,machine-2-1,label0,delta,0.20472,9e-05,0.20761,7e-05,361
12,machine-2-1,label0,theta,0.19323,0.00022,0.21242,5e-05,361
12,machine-2-1,label0,alpha,0.05125,0.33151,0.0643,0.22297,361
12,machine-2-1,label0,beta,-0.1292,0.01403,-0.13784,0.00873,361
12,machine-2-1,label0,gamma,0.08314,0.11483,0.07285,0.1672,361
12,machine-2-1,label1,delta,0.04527,0.3911,0.05058,0.3379,361
12,machine-2-1,label1,theta,0.05508,0.29666,0.0545,0.30179,361
12,machine-2-1,label1,alpha,0.0163,0.75764,0.04806,0.36257,361
12,machine-2-1,label1,beta,0.01058,0.84125,0.00844,0.873,361
12,machine-2-1,label1,gamma,-0.01669,0.75191,-0.03428,0.51614,361
12,machine-2-1,diff,delta,-0.00467,0.92957,-0.01153,0.82713,361
12,machine-2-1,diff,theta,-0.10089,0.05547,-0.09837,0.06189,361
12,machine-2-1,diff,alpha,-0.03949,0.45446,-0.02367,0.65405,361
12,machine-2-1,diff,beta,-0.02462,0.64112,-0.01071,0.83929,361
12,machine-2-1,diff,gamma,-0.03663,0.4878,-0.01889,0.7205,361
12,machine-2-2,label0,delta,0.08663,0.10033,0.08982,0.08836,361
12,machine-2-2,label0,theta,0.00583,0.91214,0.09569,0.06936,361
12,machine-2-2,label0,alpha,0.09644,0.06721,0.1063,0.04355,361
12,machine-2-2,label0,beta,-0.20449,9e-05,-0.2181,3e-05,361
12,machine-2-2,label0,gamma,-0.03234,0.54024,-0.09814,0.0625,361
12,machine-2-2,label1,delta,-0.16436,0.00173,-0.06733,0.20183,361
12,machine-2-2,label1,theta,0.11957,0.02308,0.1019,0.05307,361
12,machine-2-2,label1,alpha,-0.22034,2e-05,-0.21356,4e-05,361
12,machine-2-2,label1,beta,-0.32101,0.0,-0.31469,0.0,361
12,machine-2-2,label1,gamma,-0.09875,0.06088,-0.10725,0.0417,361
12,machine-2-2,diff,delta,-0.3233,0.0,-0.30781,0.0,361
12,machine-2-2,diff,theta,0.11929,0.02341,0.08041,0.12727,361
12,machine-2-2,diff,alpha,-0.27196,0.0,-0.28456,0.0,361
12,machine-2-2,diff,beta,-0.16914,0.00126,-0.11484,0.02914,361
12,machine-2-2,diff,gamma,-0.031,0.55719,-0.02712,0.60751,361
12,machine-2-3,label0,delta,0.23485,1e-05,0.17933,0.00062,361
12,machine-2-3,label0,theta,-0.03545,0.50195,0.01128,0.83091,361
12,machine-2-3,label0,alpha,0.03168,0.54848,0.0429,0.41643,361
12,machine-2-3,label0,beta,-0.2359,1e-05,-0.24037,0.0,361
12,machine-2-3,label0,gamma,-0.0618,0.24148,-0.0594,0.26034,361
12,machine-2-3,label1,delta,0.16084,0.00217,0.17734,0.00071,361
12,machine-2-3,label1,theta,0.11534,0.02843,0.11656,0.0268,361
12,machine-2-3,label1,alpha,-0.26004,0.0,-0.21648,3e-05,361
12,machine-2-3,label1,beta,-0.24527,0.0,-0.26666,0.0,361
12,machine-2-3,label1,gamma,-0.02114,0.68886,-0.01019,0.84704,361
12,machine-2-3,diff,delta,-0.24493,0.0,-0.22615,1e-05,361
12,machine-2-3,diff,theta,0.09469,0.07234,0.02772,0.59957,361
12,machine-2-3,diff,alpha,-0.0443,0.40133,-0.10095,0.05533,361
12,machine-2-3,diff,beta,-0.00326,0.95074,0.01155,0.8269,361
12,machine-2-3,diff,gamma,-0.14055,0.00748,-0.13354,0.01109,361
12,machine-2-4,label0,delta,-0.0463,0.3804,-0.05105,0.33343,361
12,machine-2-4,label0,theta,-0.3025,0.0,-0.26082,0.0,361
12,machine-2-4,label0,alpha,0.04932,0.35012,0.03235,0.54004,361
12,machine-2-4,label0,beta,-0.03081,0.55961,-0.09674,0.06636,361
12,machine-2-4,label0,gamma,0.03896,0.46055,-0.05983,0.25688,361
12,machine-2-4,label1,delta,-0.07366,0.16252,-0.00493,0.92565,361
12,machine-2-4,label1,theta,-0.00411,0.93794,0.02894,0.58365,361
12,machine-2-4,label1,alpha,0.15063,0.00412,0.1228,0.0196,361
12,machine-2-4,label1,beta,-0.05676,0.28212,-0.13836,0.00848,361
12,machine-2-4,label1,gamma,-0.02732,0.60483,-0.06523,0.21634,361
12,machine-2-4,diff,delta,-0.26101,0.0,-0.11305,0.03176,361
12,machine-2-4,diff,theta,0.12332,0.01908,0.11277,0.03219,361
12,machine-2-4,diff,alpha,0.08658,0.1005,0.03351,0.52564,361
12,machine-2-4,diff,beta,-0.19719,0.00016,-0.16893,0.00127,361
12,machine-2-4,diff,gamma,-0.06983,0.18558,-0.06897,0.19103,361
12,machine-3-1,label0,delta,0.16334,0.00185,0.15342,0.00348,361
12,machine-3-1,label0,theta,0.01827,0.72943,0.04397,0.40485,361
12,machine-3-1,label0,alpha,0.0037,0.94417,0.03232,0.54051,361
12,machine-3-1,label0,beta,-0.16404,0.00177,-0.13975,0.00783,361
12,machine-3-1,label0,gamma,0.08387,0.11167,0.07933,0.13248,361
12,machine-3-1,label1,delta,0.07541,0.15275,0.10315,0.05019,361
12,machine-3-1,label1,theta,-0.02698,0.60942,-0.01223,0.81686,361
12,machine-3-1,label1,alpha,0.12999,0.01344,0.1531,0.00355,361
12,machine-3-1,label1,beta,0.01578,0.76507,0.01111,0.83335,361
12,machine-3-1,label1,gamma,0.16935,0.00124,0.17272,0.00098,361
12,machine-3-1,diff,delta,-0.23199,1e-05,-0.24911,0.0,361
12,machine-3-1,diff,theta,-0.3513,0.0,-0.39368,0.0,361
12,machine-3-1,diff,alpha,-0.3262,0.0,-0.30745,0.0,361
12,machine-3-1,diff,beta,-0.16115,0.00213,-0.13285,0.01152,361
12,machine-3-1,diff,gamma,0.03363,0.52421,0.06867,0.19297,361
12,machine-3-2,label0,delta,0.13761,0.00884,0.13173,0.01224,361
12,machine-3-2,label0,theta,0.23969,0.0,0.23264,1e-05,361
12,machine-3-2,label0,alpha,-0.17155,0.00107,-0.16119,0.00213,361
12,machine-3-2,label0,beta,-0.10316,0.05018,-0.1146,0.02947,361
12,machine-3-2,label0,gamma,0.1714,0.00108,0.18305,0.00047,361
12,machine-3-2,label1,delta,0.0186,0.7247,0.00497,0.92509,361
12,machine-3-2,label1,theta,0.03417,0.51747,0.01727,0.74364,361
12,machine-3-2,label1,alpha,-0.16807,0.00135,-0.16504,0.00165,361
12,machine-3-2,label1,beta,-0.24102,0.0,-0.23374,1e-05,361
12,machine-3-2,label1,gamma,0.15042,0.00418,0.15742,0.00271,361
12,machine-3-2,diff,delta,0.13497,0.01025,0.12147,0.02098,361
12,machine-3-2,diff,theta,-0.02788,0.59749,0.02236,0.67202,361
12,machine-3-2,diff,alpha,0.17717,0.00072,0.17308,0.00096,361
12,machine-3-2,diff,beta,0.12572,0.01686,0.13686,0.00923,361
12,machine-3-2,diff,gamma,0.2166,3e-05,0.19336,0.00022,361
12,machine-3-3,label0,delta,0.23524,1e-05,0.24194,0.0,361
12,machine-3-3,label0,theta,0.11986,0.02274,0.11499,0.02892,361
12,machine-3-3,label0,alpha,-0.28647,0.0,-0.25611,0.0,361
12,machine-3-3,label0,beta,-0.09087,0.0847,-0.06621,0.20951,361
12,machine-3-3,label0,gamma,0.14338,0.00636,0.12902,0.01416,361
12,machine-3-3,label1,delta,-0.05182,0.32617,-0.08611,0.10237,361
12,machine-3-3,label1,theta,0.06939,0.18835,0.02133,0.68622,361
12,machine-3-3,label1,alpha,-0.14292,0.00653,-0.12949,0.01381,361
12,machine-3-3,label1,beta,-0.28657,0.0,-0.28624,0.0,361
12,machine-3-3,label1,gamma,0.1734,0.00094,0.18819,0.00032,361
12,machine-3-3,diff,delta,-0.06703,0.2039,-0.07772,0.14053,361
12,machine-3-3,diff,theta,-0.10054,0.05633,-0.06831,0.19533,361
12,machine-3-3,diff,alpha,0.17679,0.00074,0.14154,0.00707,361
12,machine-3-3,diff,beta,0.03926,0.4571,0.03193,0.54533,361
12,machine-3-3,diff,gamma,0.16073,0.00219,0.15612,0.00294,361
12,machine-3-4,label0,delta,0.14356,0.00629,0.12835,0.01468,361
12,machine-3-4,label0,theta,0.02579,0.62531,0.02321,0.66034,361
12,machine-3-4,label0,alpha,-0.17793,0.00068,-0.17459,0.00086,361
12,machine-3-4,label0,beta,-0.14688,0.00517,-0.10995,0.03678,361
12,machine-3-4,label0,gamma,0.14557,0.00559,0.13277,0.01157,361
12,machine-3-4,label1,delta,0.0336,0.52459,-0.03046,0.564,361
12,machine-3-4,label1,theta,-0.09228,0.07993,-0.11593,0.02763,361
12,machine-3-4,label1,alpha,-0.2722,0.0,-0.2603,0.0,361
12,machine-3-4,label1,beta,-0.32525,0.0,-0.34904,0.0,361
12,machine-3-4,label1,gamma,0.08703,0.09874,0.09882,0.06071,361
12,machine-3-4,diff,delta,0.0319,0.54569,0.03947,0.45464,361
12,machine-3-4,diff,theta,-0.20373,0.0001,-0.15226,0.00373,361
12,machine-3-4,diff,alpha,-0.01148,0.82792,-0.00647,0.90256,361
12,machine-3-4,diff,beta,0.07216,0.17128,0.10231,0.05211,361
12,machine-3-4,diff,gamma,0.25045,0.0,0.23437,1e-05,361
12,machine-4-1,label0,delta,-0.0933,0.07665,-0.09156,0.08233,361
12,machine-4-1,label0,theta,0.16053,0.00222,0.19355,0.00022,361
12,machine-4-1,label0,alpha,0.005,0.92463,0.02091,0.69207,361
12,machine-4-1,label0,beta,0.12462,0.01785,0.10101,0.05518,361
12,machine-4-1,label0,gamma,-0.0257,0.6265,-0.01271,0.80981,361
12,machine-4-1,label1,delta,0.01926,0.71531,0.02723,0.60605,361
12,machine-4-1,label1,theta,0.17817,0.00067,0.17881,0.00064,361
12,machine-4-1,label1,alpha,-0.06677,0.20561,-0.08718,0.09815,361
12,machine-4-1,label1,beta,-0.09951,0.05892,-0.11566,0.028,361
12,machine-4-1,label1,gamma,-0.06777,0.19893,-0.07732,0.1426,361
12,machine-4-1,diff,delta,0.17257,0.00099,0.2589,0.0,361
12,machine-4-1,diff,theta,0.16759,0.00139,0.122,0.02042,361
12,machine-4-1,diff,alpha,-0.06158,0.24322,-0.10158,0.05381,361
12,machine-4-1,diff,beta,0.01767,0.73794,0.10557,0.04503,361
12,machine-4-1,diff,gamma,0.10221,0.05234,0.05228,0.32188,361
12,machine-4-2,label0,delta,0.04399,0.4047,0.05883,0.26493,361
12,machine-4-2,label0,theta,0.1132,0.03154,0.09919,0.05974,361
12,machine-4-2,label0,alpha,0.07779,0.14018,0.08487,0.10741,361
12,machine-4-2,label0,beta,0.00779,0.8828,-0.01704,0.74691,361
12,machine-4-2,label0,gamma,-0.21202,5e-05,-0.19726,0.00016,361
12,machine-4-2,label1,delta,-0.02501,0.63579,-0.0109,0.83651,361
12,machine-4-2,label1,theta,0.04357,0.40917,0.0618,0.24151,361
12,machine-4-2,label1,alpha,-0.29544,0.0,-0.27734,0.0,361
12,machine-4-2,label1,beta,-0.2482,0.0,-0.22574,1e-05,361
12,machine-4-2,label1,gamma,-0.00774,0.88352,-0.02431,0.64524,361
12,machine-4-2,diff,delta,0.03543,0.5022,-0.06211,0.23916,361
12,machine-4-2,diff,theta,-0.0349,0.50865,0.00908,0.8635,361
12,machine-4-2,diff,alpha,-0.0933,0.07666,-0.18085,0.00055,361
12,machine-4-2,diff,beta,-0.19312,0.00022,-0.1598,0.00232,361
12,machine-4-2,diff,gamma,0.01543,0.77009,-0.01541,0.77049,361
12,machine-4-3,label0,delta,-0.05764,0.27472,-0.01665,0.75256,361
12,machine-4-3,label0,theta,0.03079,0.55982,0.02401,0.64934,361
12,machine-4-3,label0,alpha,-0.02645,0.6165,-0.01297,0.80599,361
12,machine-4-3,label0,beta,-0.02319,0.66057,-0.06542,0.21497,361
12,machine-4-3,label0,gamma,-0.20919,6e-05,-0.1851,0.00041,361
12,machine-4-3,label1,delta,-0.17991,0.00059,-0.19827,0.00015,361
12,machine-4-3,label1,theta,-0.04853,0.35786,-0.02401,0.64938,361
12,machine-4-3,label1,alpha,-0.23496,1e-05,-0.24595,0.0,361
12,machine-4-3,label1,beta,-0.30419,0.0,-0.27558,0.0,361
12,machine-4-3,label1,gamma,0.00877,0.86812,0.00535,0.91928,361
12,machine-4-3,diff,delta,0.01105,0.83431,-0.06439,0.22232,361
12,machine-4-3,diff,theta,-0.13085,0.01284,-0.10101,0.05518,361
12,machine-4-3,diff,alpha,-0.09325,0.0768,-0.13155,0.01236,361
12,machine-4-3,diff,beta,0.02899,0.58296,-0.00359,0.94574,361
12,machine-4-3,diff,gamma,-0.13549,0.00996,-0.09825,0.06221,361
12,machine-4-4,label0,delta,0.09766,0.0638,0.13683,0.00924,361
12,machine-4-4,label0,theta,0.09563,0.06955,0.1138,0.03064,361
12,machine-4-4,label0,alpha,0.05455,0.30127,0.01784,0.73553,361
12,machine-4-4,label0,beta,-0.10888,0.03866,-0.14796,0.00485,361
12,machine-4-4,label0,gamma,-0.18282,0.00048,-0.14929,0.00448,361
12,machine-4-4,label1,delta,-0.1039,0.04854,-0.1321,0.012,361
12,machine-4-4,label1,theta,-0.09723,0.06498,-0.06967,0.1866,361
12,machine-4-4,label1,alpha,-0.37673,0.0,-0.31581,0.0,361
12,machine-4-4,label1,beta,-0.29213,0.0,-0.31362,0.0,361
12,machine-4-4,label1,gamma,-0.11387,0.03053,-0.10376,0.04884,361
12,machine-4-4,diff,delta,-0.15023,0.00423,-0.14424,0.00604,361
12,machine-4-4,diff,theta,-0.16778,0.00138,-0.10187,0.05314,361
12,machine-4-4,diff,alpha,-0.00878,0.86801,-0.07406,0.16029,361
12,machine-4-4,diff,beta,-0.20231,0.00011,-0.16318,0.00187,361
12,machine-4-4,diff,gamma,-0.13281,0.01155,-0.15053,0.00415,361
12,machine-5-1,label0,delta,0.35328,0.0,0.33722,0.0,361
12,machine-5-1,label0,theta,0.01256,0.81207,-0.00884,0.86711,361
12,machine-5-1,label0,alpha,0.17309,0.00096,0.17988,0.00059,361
12,machine-5-1,label0,beta,-0.0295,0.57637,-0.03237,0.53986,361
12,machine-5-1,label0,gamma,-0.1119,0.03354,-0.10823,0.03985,361
12,machine-5-1,label1,delta,-0.06946,0.18793,-0.02965,0.57443,361
12,machine-5-1,label1,theta,-0.14704,0.00512,-0.12368,0.01873,361
12,machine-5-1,label1,alpha,0.12197,0.02044,0.12255,0.01985,361
12,machine-5-1,label1,beta,-0.09397,0.07455,-0.12824,0.01476,361
12,machine-5-1,label1,gamma,0.14563,0.00557,0.12922,0.01401,361
12,machine-5-1,diff,delta,0.14405,0.00611,0.08994,0.08794,361
12,machine-5-1,diff,theta,0.05717,0.27866,0.08787,0.0955,361
12,machine-5-1,diff,alpha,-0.01519,0.77365,-0.01098,0.83523,361
12,machine-5-1,diff,beta,-0.06324,0.23066,-0.07694,0.14459,361
12,machine-5-1,diff,gamma,0.07339,0.16409,0.02843,0.59027,361
12,machine-5-2,label0,delta,0.17035,0.00116,0.21182,5e-05,361
12,machine-5-2,label0,theta,0.17906,0.00063,0.13408,0.01077,361
12,machine-5-2,label0,alpha,0.28512,0.0,0.23944,0.0,361
12,machine-5-2,label0,beta,0.01817,0.73076,-0.01343,0.79927,361
12,machine-5-2,label0,gamma,-0.29916,0.0,-0.25697,0.0,361
12,machine-5-2,label1,delta,-0.05183,0.32605,-0.07864,0.13587,361
12,machine-5-2,label1,theta,0.10563,0.0449,0.07197,0.17242,361
12,machine-5-2,label1,alpha,-0.14236,0.00674,-0.12955,0.01376,361
12,machine-5-2,label1,beta,-0.07356,0.16308,-0.07193,0.17265,361
12,machine-5-2,label1,gamma,0.0764,0.14745,0.084,0.11109,361
12,machine-5-2,diff,delta,-0.00625,0.90584,-0.00258,0.96099,361
12,machine-5-2,diff,theta,0.14648,0.0053,0.11931,0.02338,361
12,machine-5-2,diff,alpha,-0.25023,0.0,-0.20688,7e-05,361
12,machine-5-2,diff,beta,-0.15607,0.00295,-0.16978,0.0012,361
12,machine-5-2,diff,gamma,-0.09089,0.08461,-0.08882,0.09197,361
12,machine-5-3,label0,delta,0.19647,0.00017,0.25268,0.0,361
12,machine-5-3,label0,theta,0.11808,0.02486,0.11103,0.03496,361
12,machine-5-3,label0,alpha,0.38996,0.0,0.39353,0.0,361
12,machine-5-3,label0,beta,-0.16138,0.0021,-0.17532,0.00082,361
12,machine-5-3,label0,gamma,-0.30267,0.0,-0.29407,0.0,361
12,machine-5-3,label1,delta,-0.01404,0.79037,-0.02516,0.63372,361
12,machine-5-3,label1,theta,-0.21208,5e-05,-0.23099,1e-05,361
12,machine-5-3,label1,alpha,-0.04113,0.43598,-0.03664,0.48768,361
12,machine-5-3,label1,beta,-0.19688,0.00017,-0.18877,0.00031,361
12,machine-5-3,label1,gamma,0.29466,0.0,0.26907,0.0,361
12,machine-5-3,diff,delta,-0.14174,0.00699,-0.13461,0.01045,361
12,machine-5-3,diff,theta,0.106,0.04415,0.11212,0.0332,361
12,machine-5-3,diff,alpha,-0.24897,0.0,-0.24675,0.0,361
12,machine-5-3,diff,beta,-0.1298,0.01358,-0.19252,0.00023,361
12,machine-5-3,diff,gamma,-0.21744,3e-05,-0.20995,6e-05,361
12,machine-5-4,label0,delta,0.31325,0.0,0.33591,0.0,361
12,machine-5-4,label0,theta,0.06466,0.22037,0.06751,0.20067,361
12,machine-5-4,label0,alpha,0.40319,0.0,0.39292,0.0,361
12,machine-5-4,label0,beta,-0.35293,0.0,-0.38221,0.0,361
12,machine-5-4,label0,gamma,-0.32249,0.0,-0.33181,0.0,361
12,machine-5-4,label1,delta,-0.04222,0.4239,-0.039,0.46012,361
12,machine-5-4,label1,theta,-0.1992,0.00014,-0.22191,2e-05,361
12,machine-5-4,label1,alpha,0.16593,0.00156,0.13596,0.0097,361
12,machine-5-4,label1,beta,-0.22583,1e-05,-0.2654,0.0,361
12,machine-5-4,label1,gamma,0.24819,0.0,0.25059,0.0,361
12,machine-5-4,diff,delta,-0.13506,0.0102,-0.15284,0.0036,361
12,machine-5-4,diff,theta,0.00467,0.92958,0.0322,0.54199,361
12,machine-5-4,diff,alpha,-0.2062,8e-05,-0.19096,0.00026,361
12,machine-5-4,diff,beta,-0.13409,0.01076,-0.15189,0.00382,361
12,machine-5-4,diff,gamma,-0.16523,0.00163,-0.19128,0.00026,361
12,machine-6-1,label0,delta,-0.00176,0.97339,-0.00765,0.88489,361
12,machine-6-1,label0,theta,0.12712,0.01566,0.11121,0.03467,361
12,machine-6-1,label0,alpha,0.01055,0.84161,0.03633,0.49139,361
12,machine-6-1,label0,beta,0.09716,0.06518,0.13356,0.01108,361
12,machine-6-1,label0,gamma,0.07277,0.16769,0.07423,0.15928,361
12,machine-6-1,label1,delta,0.20781,7e-05,0.22304,2e-05,361
12,machine-6-1,label1,theta,-0.13197,0.01208,-0.10661,0.04294,361
12,machine-6-1,label1,alpha,-0.06172,0.2421,-0.06801,0.19733,361
12,machine-6-1,label1,beta,-0.02406,0.64869,-0.03725,0.48044,361
12,machine-6-1,label1,gamma,-0.17254,0.001,-0.20439,9e-05,361
12,machine-6-1,diff,delta,-0.09183,0.08142,-0.10837,0.0396,361
12,machine-6-1,diff,theta,0.03706,0.48271,-0.0224,0.67142,361
12,machine-6-1,diff,alpha,-0.08056,0.12657,-0.11071,0.0355,361
12,machine-6-1,diff,beta,0.08423,0.11014,0.04461,0.39809,361
12,machine-6-1,diff,gamma,-0.01022,0.84652,-0.01204,0.81965,361
12,machine-6-2,label0,delta,0.11178,0.03375,0.21322,4e-05,361
12,machine-6-2,label0,theta,-0.19026,0.00028,-0.14522,0.0057,361
12,machine-6-2,label0,alpha,0.04045,0.44356,0.04672,0.37608,361
12,machine-6-2,label0,beta,-0.09046,0.0861,-0.05701,0.28,361
12,machine-6-2,label0,gamma,-0.03394,0.52041,-0.0588,0.26515,361
12,machine-6-2,label1,delta,0.14147,0.0071,0.16022,0.00226,361
12,machine-6-2,label1,theta,-0.2948,0.0,-0.28193,0.0,361
12,machine-6-2,label1,alpha,0.0918,0.08154,0.12084,0.02165,361
12,machine-6-2,label1,beta,0.15505,0.00314,0.14956,0.0044,361
12,machine-6-2,label1,gamma,-0.18521,0.0004,-0.17449,0.00087,361
12,machine-6-2,diff,delta,0.1292,0.01402,0.05266,0.31841,361
12,machine-6-2,diff,theta,-0.03924,0.45733,-0.12191,0.02051,361
12,machine-6-2,diff,alpha,-0.10612,0.04391,-0.07394,0.16095,361
12,machine-6-2,diff,beta,0.01463,0.7818,0.02237,0.67182,361
12,machine-6-2,diff,gamma,-0.24836,0.0,-0.20221,0.00011,361
12,machine-6-3,label0,delta,-0.03009,0.56874,0.08719,0.09812,361
12,machine-6-3,label0,theta,0.16172,0.00205,0.20557,8e-05,361
12,machine-6-3,label0,alpha,0.15903,0.00244,0.19247,0.00023,361
12,machine-6-3,label0,beta,0.06032,0.25295,0.04132,0.43378,361
12,machine-6-3,label0,gamma,0.04713,0.37196,0.00675,0.89825,361
12,machine-6-3,label1,delta,-0.18548,0.0004,-0.15949,0.00237,361
12,machine-6-3,label1,theta,0.07301,0.16629,0.05618,0.28711,361
12,machine-6-3,label1,alpha,0.10795,0.04037,0.10326,0.04996,361
12,machine-6-3,label1,beta,0.02119,0.68822,0.0111,0.83354,361
12,machine-6-3,label1,gamma,-0.17841,0.00066,-0.14811,0.0048,361
12,machine-6-3,diff,delta,-0.13138,0.01247,-0.29925,0.0,361
12,machine-6-3,diff,theta,0.1057,0.04475,-0.06415,0.224,361
12,machine-6-3,diff,alpha,-0.12343,0.01897,-0.11089,0.03519,361
12,machine-6-3,diff,beta,0.00541,0.91837,-0.04757,0.36746,361
12,machine-6-3,diff,gamma,-0.20779,7e-05,-0.14872,0.00463,361
12,machine-6-4,label0,delta,-0.05292,0.31597,-0.04108,0.43647,361
12,machine-6-4,label0,theta,0.07668,0.14594,0.113,0.03184,361
12,machine-6-4,label0,alpha,0.12086,0.02163,0.11038,0.03605,361
12,machine-6-4,label0,beta,0.07184,0.1732,0.00096,0.98552,361
12,machine-6-4,label0,gamma,0.12994,0.01348,0.10041,0.05664,361
12,machine-6-4,label1,delta,-0.09099,0.08427,-0.06985,0.18547,361
12,machine-6-4,label1,theta,-0.1002,0.05718,-0.12143,0.02102,361
12,machine-6-4,label1,alpha,0.07136,0.17611,0.08385,0.11175,361
12,machine-6-4,label1,beta,0.16445,0.00172,0.10675,0.04266,361
12,machine-6-4,label1,gamma,-0.15289,0.00359,-0.14157,0.00706,361
12,machine-6-4,diff,delta,-0.21001,6e-05,-0.18524,0.0004,361
12,machine-6-4,diff,theta,0.03375,0.52274,-0.04124,0.43468,361
12,machine-6-4,diff,alpha,0.06025,0.25356,0.04017,0.44673,361
12,machine-6-4,diff,beta,0.05163,0.32793,0.01236,0.81501,361
12,machine-6-4,diff,gamma,-0.23033,1e-05,-0.20735,7e-05,361
12,machine-7-1,label0,delta,-0.07047,0.18154,-0.00747,0.88752,361
12,machine-7-1,label0,theta,-0.09515,0.07098,-0.06867,0.19298,361
12,machine-7-1,label0,alpha,-0.25408,0.0,-0.23878,0.0,361
12,machine-7-1,label0,beta,-0.2467,0.0,-0.21381,4e-05,361
12,machine-7-1,label0,gamma,0.10794,0.04039,0.07202,0.17214,361
12,machine-7-1,label1,delta,-0.09477,0.07212,-0.05959,0.25879,361
12,machine-7-1,label1,theta,-0.13756,0.00887,-0.08081,0.12536,361
12,machine-7-1,label1,alpha,-0.14708,0.00511,-0.0875,0.09694,361
12,machine-7-1,label1,beta,-0.14846,0.0047,-0.13221,0.01193,361
12,machine-7-1,label1,gamma,0.18241,0.0005,0.14248,0.0067,361
12,machine-7-1,diff,delta,0.20039,0.00013,0.17116,0.00109,361
12,machine-7-1,diff,theta,-0.1405,0.00751,-0.0866,0.10043,361
12,machine-7-1,diff,alpha,0.03981,0.45078,0.06576,0.21259,361
12,machine-7-1,diff,beta,0.00395,0.94033,-0.01807,0.73216,361
12,machine-7-1,diff,gamma,-0.24373,0.0,-0.21621,3e-05,361
12,machine-7-2,label0,delta,0.30139,0.0,0.27459,0.0,361
12,machine-7-2,label0,theta,-0.06722,0.20258,-0.03742,0.47851,361
12,machine-7-2,label0,alpha,-0.22771,1e-05,-0.22279,2e-05,361
12,machine-7-2,label0,beta,-0.12644,0.01623,-0.0959,0.06875,361
12,machine-7-2,label0,gamma,0.01572,0.76599,-0.02791,0.59718,361
12,machine-7-2,label1,delta,0.24237,0.0,0.31682,0.0,361
12,machine-7-2,label1,theta,-0.40804,0.0,-0.37041,0.0,361
12,machine-7-2,label1,alpha,-0.02736,0.60431,-0.0718,0.17345,361
12,machine-7-2,label1,beta,-0.16591,0.00156,-0.14205,0.00686,361
12,machine-7-2,label1,gamma,0.13421,0.01069,0.11199,0.03341,361
12,machine-7-2,diff,delta,-0.20962,6e-05,-0.13955,0.00793,361
12,machine-7-2,diff,theta,-0.37438,0.0,-0.45021,0.0,361
12,machine-7-2,diff,alpha,0.12222,0.02019,0.07532,0.15323,361
12,machine-7-2,diff,beta,-0.05747,0.27614,-0.06314,0.23141,361
12,machine-7-2,diff,gamma,-0.06282,0.23379,-0.03537,0.50296,361
12,machine-7-3,label0,delta,0.27372,0.0,0.28685,0.0,361
12,machine-7-3,label0,theta,-0.10154,0.0539,-0.10325,0.04997,361
12,machine-7-3,label0,alpha,-0.50777,0.0,-0.48914,0.0,361
12,machine-7-3,label0,beta,-0.54728,0.0,-0.47645,0.0,361
12,machine-7-3,label0,gamma,-0.14026,0.00761,-0.18598,0.00038,361
12,machine-7-3,label1,delta,0.31105,0.0,0.3956,0.0,361
12,machine-7-3,label1,theta,-0.0934,0.07634,-0.0967,0.06648,361
12,machine-7-3,label1,alpha,-0.33052,0.0,-0.32965,0.0,361
12,machine-7-3,label1,beta,-0.47633,0.0,-0.42865,0.0,361
12,machine-7-3,label1,gamma,-0.1551,0.00313,-0.09283,0.07817,361
12,machine-7-3,diff,delta,-0.00223,0.96631,0.02791,0.59713,361
12,machine-7-3,diff,theta,-0.12539,0.01715,-0.1326,0.01167,361
12,machine-7-3,diff,alpha,-0.03619,0.49311,-0.05646,0.28472,361
12,machine-7-3,diff,beta,-0.16687,0.00146,-0.15275,0.00362,361
12,machine-7-3,diff,gamma,-0.05271,0.3179,0.04386,0.40609,361
12,machine-7-4,label0,delta,0.30399,0.0,0.35101,0.0,361
12,machine-7-4,label0,theta,-0.17566,0.0008,-0.18393,0.00044,361
12,machine-7-4,label0,alpha,-0.51576,0.0,-0.47708,0.0,361
12,machine-7-4,label0,beta,-0.60476,0.0,-0.53563,0.0,361
12,machine-7-4,label0,gamma,-0.22237,2e-05,-0.2577,0.0,361
12,machine-7-4,label1,delta,0.24599,0.0,0.31432,0.0,361
12,machine-7-4,label1,theta,-0.16506,0.00165,-0.15912,0.00243,361
12,machine-7-4,label1,alpha,-0.41711,0.0,-0.42075,0.0,361
12,machine-7-4,label1,beta,-0.54737,0.0,-0.48734,0.0,361
12,machine-7-4,label1,gamma,-0.14446,0.00597,-0.12215,0.02026,361
12,machine-7-4,diff,delta,-0.03954,0.45393,-0.03636,0.491,361
12,machine-7-4,diff,theta,-0.12044,0.02209,-0.1367,0.00931,361
12,machine-7-4,diff,alpha,-0.06695,0.20443,-0.08098,0.12458,361
12,machine-7-4,diff,beta,-0.17003,0.00118,-0.17341,0.00094,361
12,machine-7-4,diff,gamma,-0.08189,0.12038,-0.03164,0.54896,361
12,machine-8-1,label0,delta,0.17956,0.00061,0.16252,0.00195,361
12,machine-8-1,label0,theta,0.03219,0.54208,0.06405,0.22475,361
12,machine-8-1,label0,alpha,0.00031,0.99539,0.00609,0.90815,361
12,machine-8-1,label0,beta,0.08294,0.11568,0.10195,0.05295,361
12,machine-8-1,label0,gamma,0.02857,0.58844,0.02921,0.58019,361
12,machine-8-1,label1,delta,-0.022,0.67702,-0.02662,0.61417,361
12,machine-8-1,label1,theta,0.01819,0.73046,-0.00206,0.96885,361
12,machine-8-1,label1,alpha,-0.10069,0.05595,-0.10208,0.05263,361
12,machine-8-1,label1,beta,-0.02503,0.6355,-0.02115,0.68877,361
12,machine-8-1,label1,gamma,0.07244,0.16962,0.0697,0.18641,361
12,machine-8-1,diff,delta,-0.25499,0.0,-0.26559,0.0,361
12,machine-8-1,diff,theta,-0.01195,0.82102,0.01426,0.78711,361
12,machine-8-1,diff,alpha,-0.04084,0.43916,-0.0184,0.72756,361
12,machine-8-1,diff,beta,0.0683,0.19541,0.08667,0.10014,361
12,machine-8-1,diff,gamma,0.19134,0.00026,0.22328,2e-05,361
12,machine-8-2,label0,delta,0.20584,8e-05,0.14131,0.00717,361
12,machine-8-2,label0,theta,-0.17673,0.00074,-0.17932,0.00062,361
12,machine-8-2,label0,alpha,0.13712,0.00909,0.19526,0.00019,361
12,machine-8-2,label0,beta,0.13965,0.00788,0.16669,0.00148,361
12,machine-8-2,label0,gamma,0.01736,0.74243,0.01332,0.80085,361
12,machine-8-2,label1,delta,-0.04986,0.34484,-0.05399,0.30633,361
12,machine-8-2,label1,theta,-0.10368,0.04902,-0.0752,0.15389,361
12,machine-8-2,label1,alpha,-0.06356,0.22836,-0.00957,0.85618,361
12,machine-8-2,label1,beta,-0.03398,0.51989,-0.03061,0.56214,361
12,machine-8-2,label1,gamma,-0.07842,0.13697,-0.05152,0.329,361
12,machine-8-2,diff,delta,-0.09657,0.06685,-0.14054,0.00749,361
12,machine-8-2,diff,theta,-0.11758,0.02548,-0.07035,0.18232,361
12,machine-8-2,diff,alpha,-0.15611,0.00294,-0.04673,0.37602,361
12,machine-8-2,diff,beta,0.00586,0.91158,0.06746,0.20101,361
12,machine-8-2,diff,gamma,-0.07542,0.15273,-0.14656,0.00527,361
12,machine-8-3,label0,delta,0.44289,0.0,0.4148,0.0,361
12,machine-8-3,label0,theta,0.2283,1e-05,0.29653,0.0,361
12,machine-8-3,label0,alpha,-0.14394,0.00615,-0.09222,0.08015,361
12,machine-8-3,label0,beta,-0.01937,0.71371,0.00647,0.90243,361
12,machine-8-3,label0,gamma,-0.01899,0.71917,-0.02164,0.68194,361
12,machine-8-3,label1,delta,0.326,0.0,0.33642,0.0,361
12,machine-8-3,label1,theta,0.07586,0.15034,0.07192,0.17274,361
12,machine-8-3,label1,alpha,-0.21706,3e-05,-0.17876,0.00064,361
12,machine-8-3,label1,beta,0.07342,0.16391,0.07914,0.13342,361
12,machine-8-3,label1,gamma,-0.04469,0.39718,-0.08155,0.12192,361
12,machine-8-3,diff,delta,-0.44689,0.0,-0.43783,0.0,361
12,machine-8-3,diff,theta,0.18788,0.00033,0.23489,1e-05,361
12,machine-8-3,diff,alpha,-0.05252,0.31969,-0.06966,0.18666,361
12,machine-8-3,diff,beta,-0.11045,0.03593,-0.04869,0.35628,361
12,machine-8-3,diff,gamma,-0.18015,0.00058,-0.22015,2e-05,361
12,machine-8-4,label0,delta,0.1424,0.00673,0.09311,0.07726,361
12,machine-8-4,label0,theta,0.23697,1e-05,0.22231,2e-05,361
12,machine-8-4,label0,alpha,0.13779,0.00875,0.17827,0.00067,361
12,machine-8-4,label0,beta,0.23087,1e-05,0.25513,0.0,361
12,machine-8-4,label0,gamma,-0.0292,0.58025,-0.0419,0.42734,361
12,machine-8-4,label1,delta,-0.14828,0.00475,-0.1509,0.00406,361
12,machine-8-4,label1,theta,0.13363,0.01104,0.12937,0.0139,361
12,machine-8-4,label1,alpha,-0.01864,0.72419,0.02956,0.57563,361
12,machine-8-4,label1,beta,0.09285,0.07811,0.10183,0.05321,361
12,machine-8-4,label1,gamma,0.07264,0.16844,0.08414,0.11049,361
12,machine-8-4,diff,delta,0.05363,0.30958,0.01297,0.806,361
12,machine-8-4,diff,theta,-0.0528,0.31707,-0.02984,0.57194,361
12,machine-8-4,diff,alpha,0.22147,2e-05,0.23323,1e-05,361
12,machine-8-4,diff,beta,0.05089,0.33494,0.0219,0.67829,361
12,machine-8-4,diff,gamma,0.19644,0.00017,0.16171,0.00205,361
12,machine-9-1,label0,delta,0.19416,0.00021,0.20519,9e-05,361
12,machine-9-1,label0,theta,0.03349,0.52595,0.00958,0.85601,361
12,machine-9-1,label0,alpha,0.12003,0.02255,0.1135,0.03108,361
12,machine-9-1,label0,beta,-0.12654,0.01615,-0.12218,0.02023,361
12,machine-9-1,label0,gamma,-0.21663,3e-05,-0.2231,2e-05,361
12,machine-9-1,label1,delta,0.01284,0.80795,0.0132,0.80267,361
12,machine-9-1,label1,theta,-0.07479,0.15617,-0.07574,0.15096,361
12,machine-9-1,label1,alpha,0.21072,5e-05,0.22007,2e-05,361
12,machine-9-1,label1,beta,-0.02877,0.58589,-0.03347,0.52613,361
12,machine-9-1,label1,gamma,-0.06365,0.22771,-0.05297,0.31559,361
12,machine-9-1,diff,delta,-0.00021,0.99682,-0.00204,0.96924,361
12,machine-9-1,diff,theta,0.26853,0.0,0.2928,0.0,361
12,machine-9-1,diff,alpha,0.00332,0.94983,-0.02749,0.60271,361
12,machine-9-1,diff,beta,-0.30354,0.0,-0.29815,0.0,361
12,machine-9-1,diff,gamma,0.21202,5e-05,0.23265,1e-05,361
12,machine-9-2,label0,delta,0.19311,0.00022,0.20164,0.00011,361
12,machine-9-2,label0,theta,0.07006,0.18411,0.07955,0.13141,361
12,machine-9-2,label0,alpha,0.34846,0.0,0.35844,0.0,361
12,machine-9-2,label0,beta,-0.26547,0.0,-0.22319,2e-05,361
12,machine-9-2,label0,gamma,0.05794,0.27222,0.0471,0.37223,361
12,machine-9-2,label1,delta,-0.17937,0.00062,-0.18641,0.00037,361
12,machine-9-2,label1,theta,-0.19017,0.00028,-0.18264,0.00049,361
12,machine-9-2,label1,alpha,0.21278,5e-05,0.19643,0.00017,361
12,machine-9-2,label1,beta,-0.02112,0.68917,-0.00651,0.9019,361
12,machine-9-2,label1,gamma,-0.03412,0.51817,-0.0359,0.49653,361
12,machine-9-2,diff,delta,-0.20976,6e-05,-0.19635,0.00017,361
12,machine-9-2,diff,theta,0.01704,0.74696,-0.00673,0.89864,361
12,machine-9-2,diff,alpha,0.1113,0.03452,0.07728,0.14278,361
12,machine-9-2,diff,beta,0.08936,0.09002,0.07065,0.18045,361
12,machine-9-2,diff,gamma,-0.04793,0.36383,-0.05047,0.339,361
12,machine-9-3,label0,delta,0.13603,0.00966,0.20103,0.00012,361
12,machine-9-3,label0,theta,0.22467,2e-05,0.21104,5e-05,361
12,machine-9-3,label0,alpha,0.27608,0.0,0.27966,0.0,361
12,machine-9-3,label0,beta,-0.19321,0.00022,-0.17191,0.00104,361
12,machine-9-3,label0,gamma,-0.04451,0.39911,-0.02676,0.61231,361
12,machine-9-3,label1,delta,-0.14642,0.00531,-0.16886,0.00128,361
12,machine-9-3,label1,theta,-0.10042,0.05663,-0.12372,0.0187,361
12,machine-9-3,label1,alpha,0.27094,0.0,0.2605,0.0,361
12,machine-9-3,label1,beta,-0.00688,0.89638,-0.00211,0.96806,361
12,machine-9-3,label1,gamma,-0.12813,0.01485,-0.13902,0.00817,361
12,machine-9-3,diff,delta,-0.0268,0.61181,-0.03587,0.49688,361
12,machine-9-3,diff,theta,0.02147,0.68436,-0.04608,0.38272,361
12,machine-9-3,diff,alpha,0.25055,0.0,0.19709,0.00016,361
12,machine-9-3,diff,beta,0.03783,0.47368,0.00956,0.85631,361
12,machine-9-3,diff,gamma,-0.03824,0.46883,-0.0836,0.1128,361
12,machine-9-4,label0,delta,0.35874,0.0,0.33914,0.0,361
12,machine-9-4,label0,theta,0.23301,1e-05,0.22663,1e-05,361
12,machine-9-4,label0,alpha,0.45486,0.0,0.45091,0.0,361
12,machine-9-4,label0,beta,-0.26832,0.0,-0.22264,2e-05,361
12,machine-9-4,label0,gamma,-0.02405,0.64882,-0.02128,0.68701,361
12,machine-9-4,label1,delta,-0.19515,0.00019,-0.21928,3e-05,361
12,machine-9-4,label1,theta,-0.15739,0.00271,-0.14206,0.00686,361
12,machine-9-4,label1,alpha,0.39378,0.0,0.37509,0.0,361
12,machine-9-4,label1,beta,-0.13253,0.01172,-0.12133,0.02112,361
12,machine-9-4,label1,gamma,-0.04361,0.40873,-0.04559,0.38773,361
12,machine-9-4,diff,delta,-0.16025,0.00226,-0.13292,0.01147,361
12,machine-9-4,diff,theta,-0.14808,0.00481,-0.17301,0.00096,361
12,machine-9-4,diff,alpha,0.25018,0.0,0.21979,3e-05,361
12,machine-9-4,diff,beta,-0.03975,0.45153,-0.03727,0.48018,361
12,machine-9-4,diff,gamma,-0.07956,0.13133,-0.09641,0.06729,361
13,machine-10-1,label0,delta,-0.10426,0.04777,-0.16889,0.00128,361
13,machine-10-1,label0,theta,0.08113,0.12389,0.08121,0.12354,361
13,machine-10-1,label0,alpha,0.05001,0.34339,0.02993,0.57082,361
13,machine-10-1,label0,beta,0.02172,0.68081,0.06592,0.21149,361
13,machine-10-1,label0,gamma,0.14825,0.00476,0.15955,0.00236,361
13,machine-10-1,label1,delta,-0.04173,0.42926,-0.11003,0.03664,361
13,machine-10-1,label1,theta,-0.11734,0.02579,-0.11013,0.03648,361
13,machine-10-1,label1,alpha,0.05591,0.2894,0.02533,0.63146,361
13,machine-10-1,label1,beta,-0.06716,0.20298,-0.04741,0.3691,361
13,machine-10-1,label1,gamma,0.0636,0.22806,0.0611,0.2469,361
13,machine-10-1,diff,delta,0.05407,0.30555,0.00174,0.97371,361
13,machine-10-1,diff,theta,0.11965,0.02299,0.09933,0.05939,361
13,machine-10-1,diff,alpha,0.1225,0.0199,0.133,0.01142,361
13,machine-10-1,diff,beta,0.07398,0.16071,0.04498,0.39418,361
13,machine-10-1,diff,gamma,-0.1737,0.00092,-0.16267,0.00193,361
13,machine-10-2,label0,delta,0.25458,0.0,0.27108,0.0,361
13,machine-10-2,label0,theta,-0.00497,0.92498,-0.02484,0.6381,361
13,machine-10-2,label0,alpha,0.12399,0.01844,0.1175,0.02559,361
13,machine-10-2,label0,beta,-0.12684,0.01589,-0.16081,0.00218,361
13,machine-10-2,label0,gamma,0.08875,0.09222,0.11161,0.03402,361
13,machine-10-2,label1,delta,0.15615,0.00293,0.17421,0.00089,361
13,machine-10-2,label1,theta,-0.00754,0.88648,-0.03926,0.4571,361
13,machine-10-2,label1,alpha,0.25088,0.0,0.24823,0.0,361
13,machine-10-2,label1,beta,-0.19116,0.00026,-0.17259,0.00099,361
13,machine-10-2,label1,gamma,0.11318,0.03157,0.11821,0.0247,361
13,machine-10-2,diff,delta,0.11603,0.02749,0.10894,0.03856,361
13,machine-10-2,diff,theta,0.08483,0.1076,0.07248,0.16941,361
13,machine-10-2,diff,alpha,0.04253,0.42044,0.08443,0.10927,361
13,machine-10-2,diff,beta,0.18665,0.00036,0.1839,0.00044,361
13,machine-10-2,diff,gamma,-0.22111,2e-05,-0.23114,1e-05,361
13,machine-10-3,label0,delta,0.31137,0.0,0.32966,0.0,361
13,machine-10-3,label0,theta,-0.06701,0.20404,-0.07177,0.17359,361
13,machine-10-3,label0,alpha,0.19826,0.00015,0.19081,0.00027,361
13,machine-10-3,label0,beta,-0.20622,8e-05,-0.29359,0.0,361
13,machine-10-3,label0,gamma,0.21396,4e-05,0.25621,0.0,361
13,machine-10-3,label1,delta,0.01684,0.74977,0.03569,0.49901,361
13,machine-10-3,label1,theta,-0.11519,0.02865,-0.13041,0.01314,361
13,machine-10-3,label1,alpha,0.30213,0.0,0.26056,0.0,361
13,machine-10-3,label1,beta,-0.19265,0.00023,-0.19233,0.00024,361
13,machine-10-3,label1,gamma,-0.06433,0.22272,-0.07354,0.16322,361
13,machine-10-3,diff,delta,-0.33171,0.0,-0.32504,0.0,361
13,machine-10-3,diff,theta,0.02193,0.67797,-0.00932,0.85998,361
13,machine-10-3,diff,alpha,-0.09571,0.06931,-0.08311,0.11493,361
13,machine-10-3,diff,beta,0.23937,0.0,0.25346,0.0,361
13,machine-10-3,diff,gamma,-0.22762,1e-05,-0.24982,0.0,361
13,machine-10-4,label0,delta,0.16236,0.00197,0.16994,0.00119,361
13,machine-10-4,label0,theta,-0.0503,0.34055,-0.07102,0.17818,361
13,machine-10-4,label0,alpha,0.26369,0.0,0.24948,0.0,361
13,machine-10-4,label0,beta,-0.12534,0.01719,-0.23407,1e-05,361
13,machine-10-4,label0,gamma,0.25468,0.0,0.31468,0.0,361
13,machine-10-4,label1,delta,0.07756,0.14135,0.07484,0.15589,361
13,machine-10-4,label1,theta,-0.09352,0.07595,-0.11221,0.03306,361
13,machine-10-4,label1,alpha,0.31677,0.0,0.30842,0.0,361
13,machine-10-4,label1,beta,-0.03798,0.47192,-0.06643,0.20796,361
13,machine-10-4,label1,gamma,0.09855,0.06142,0.07417,0.15964,361
13,machine-10-4,diff,delta,-0.28705,0.0,-0.22532,2e-05,361
13,machine-10-4,diff,theta,0.08805,0.09484,0.0307,0.56097,361
13,machine-10-4,diff,alpha,-0.12033,0.02221,-0.10409,0.04813,361
13,machine-10-4,diff,beta,0.32351,0.0,0.33636,0.0,361
13,machine-10-4,diff,gamma,-0.26973,0.0,-0.27556,0.0,361
13,machine-11-1,label0,delta,0.21669,3e-05,0.18891,0.00031,361
13,machine-11-1,label0,theta,0.08946,0.08963,0.10577,0.04461,361
13,machine-11-1,label0,alpha,-0.02044,0.69865,-0.05559,0.29215,361
13,machine-11-1,label0,beta,-0.12289,0.01951,-0.14224,0.00679,361
13,machine-11-1,label0,gamma,-0.07038,0.18211,-0.04202,0.42607,361
13,machine-11-1,label1,delta,0.08415,0.11045,0.10391,0.04853,361
13,machine-11-1,label1,theta,-0.1012,0.05473,-0.08562,0.10433,361
13,machine-11-1,label1,alpha,-0.12896,0.01421,-0.14554,0.0056,361
13,machine-11-1,label1,beta,0.22163,2e-05,0.2534,0.0,361
13,machine-11-1,label1,gamma,-0.1103,0.03619,-0.14427,0.00603,361
13,machine-11-1,diff,delta,-0.22884,1e-05,-0.2551,0.0,361
13,machine-11-1,diff,theta,0.20204,0.00011,0.18655,0.00037,361
13,machine-11-1,diff,alpha,0.11024,0.03629,0.13099,0.01274,361
13,machine-11-1,diff,beta,-0.08514,0.10633,0.02502,0.63558,361
13,machine-11-1,diff,gamma,0.10441,0.04743,0.11114,0.03478,361
13,machine-11-2,label0,delta,0.3996,0.0,0.39459,0.0,361
13,machine-11-2,label0,theta,0.33282,0.0,0.36759,0.0,361
13,machine-11-2,label0,alpha,-0.452,0.0,-0.48885,0.0,361
13,machine-11-2,label0,beta,-0.05237,0.32109,-0.09321,0.07695,361
13,machine-11-2,label0,gamma,0.01367,0.79575,0.01525,0.77273,361
13,machine-11-2,label1,delta,0.12931,0.01394,0.18643,0.00037,361
13,machine-11-2,label1,theta,-0.1049,0.04641,-0.07444,0.15814,361
13,machine-11-2,label1,alpha,-0.21713,3e-05,-0.19611,0.00018,361
13,machine-11-2,label1,beta,-0.01862,0.72438,-0.02088,0.69259,361
13,machine-11-2,label1,gamma,0.06239,0.23703,0.08696,0.099,361
13,machine-11-2,diff,delta,-0.09931,0.05943,-0.07311,0.16573,361
13,machine-11-2,diff,theta,0.01548,0.76938,-0.01311,0.80402,361
13,machine-11-2,diff,alpha,-0.08782,0.09569,-0.06794,0.19777,361
13,machine-11-2,diff,beta,0.13727,0.00901,0.13747,0.00891,361
13,machine-11-2,diff,gamma,-0.14729,0.00504,-0.14939,0.00445,361
13,machine-11-3,label0,delta,0.38634,0.0,0.40403,0.0,361
13,machine-11-3,label0,theta,0.32287,0.0,0.33335,0.0,361
13,machine-11-3,label0,alpha,-0.11141,0.03434,-0.07559,0.15179,361
13,machine-11-3,label0,beta,-0.2623,0.0,-0.29398,0.0,361
13,machine-11-3,label0,gamma,-0.05647,0.28463,-0.04895,0.3537,361
13,machine-11-3,label1,delta,0.17804,0.00068,0.24672,0.0,361
13,machine-11-3,label1,theta,-0.07307,0.16596,-0.06046,0.25184,361
13,machine-11-3,label1,alpha,-0.24964,0.0,-0.25985,0.0,361
13,machine-11-3,label1,beta,-0.25072,0.0,-0.24944,0.0,361
13,machine-11-3,label1,gamma,0.1112,0.03469,0.10054,0.05632,361
13,machine-11-3,diff,delta,0.10921,0.03807,0.01503,0.776,361
13,machine-11-3,diff,theta,0.12987,0.01353,0.1351,0.01017,361
13,machine-11-3,diff,alpha,0.14343,0.00634,0.1676,0.00139,361
13,machine-11-3,diff,beta,-0.12572,0.01685,-0.10077,0.05577,361
13,machine-11-3,diff,gamma,0.0815,0.12218,0.11227,0.03297,361
13,machine-11-4,label0,delta,0.35382,0.0,0.34758,0.0,361
13,machine-11-4,label0,theta,0.33462,0.0,0.33956,0.0,361
13,machine-11-4,label0,alpha,-0.13478,0.01036,-0.11875,0.02405,361
13,machine-11-4,label0,beta,-0.40225,0.0,-0.38762,0.0,361
13,machine-11-4,label0,gamma,0.12175,0.02068,0.10402,0.04829,361
13,machine-11-4,label1,delta,0.10888,0.03867,0.17837,0.00066,361
13,machine-11-4,label1,theta,-0.05119,0.33215,-0.03123,0.55418,361
13,machine-11-4,label1,alpha,-0.33314,0.0,-0.33282,0.0,361
13,machine-11-4,label1,beta,-0.37674,0.0,-0.36075,0.0,361
13,machine-11-4,label1,gamma,-0.00286,0.95688,-0.00048,0.99267,361
13,machine-11-4,diff,delta,0.07133,0.17629,0.05196,0.32486,361
13,machine-11-4,diff,theta,-0.01475,0.77999,-0.09666,0.06659,361
13,machine-11-4,diff,alpha,-0.01483,0.77891,-0.00472,0.92878,361
13,machine-11-4,diff,beta,-0.0767,0.14583,-0.09163,0.08212,361
13,machine-11-4,diff,gamma,0.03348,0.52603,0.0512,0.33198,361
13,machine-2-1,label0,delta,0.12433,0.01812,0.15092,0.00405,361
13,machine-2-1,label0,theta,0.09326,0.07677,0.1381,0.0086,361
13,machine-2-1,label0,alpha,-0.09408,0.07423,-0.14094,0.00732,361
13,machine-2-1,label0,beta,-0.08726,0.09786,-0.09571,0.06932,361
13,machine-2-1,label0,gamma,0.08348,0.11332,0.05576,0.29071,361
13,machine-2-1,label1,delta,-0.18604,0.00038,-0.18628,0.00037,361
13,machine-2-1,label1,theta,-0.15018,0.00424,-0.15064,0.00412,361
13,machine-2-1,label1,alpha,-0.26975,0.0,-0.31782,0.0,361
13,machine-2-1,label1,beta,-0.24297,0.0,-0.27839,0.0,361
13,machine-2-1,label1,gamma,-0.09687,0.06599,-0.11744,0.02566,361
13,machine-2-1,diff,delta,-0.39542,0.0,-0.40535,0.0,361
13,machine-2-1,diff,theta,-0.31757,0.0,-0.31798,0.0,361
13,machine-2-1,diff,alpha,-0.03446,0.51395,-0.04592,0.38437,361
13,machine-2-1,diff,beta,-0.18035,0.00058,-0.20981,6e-05,361
13,machine-2-1,diff,gamma,-0.148,0.00484,-0.14453,0.00594,361
13,machine-2-2,label0,delta,0.16766,0.00139,0.26503,0.0,361
13,machine-2-2,label0,theta,0.18346,0.00046,0.23091,1e-05,361
13,machine-2-2,label0,alpha,0.04121,0.43506,0.04977,0.34569,361
13,machine-2-2,label0,beta,0.1054,0.04538,0.04983,0.34512,361
13,machine-2-2,label0,gamma,-0.03027,0.56646,-0.06962,0.18687,361
13,machine-2-2,label1,delta,-0.15943,0.00238,-0.12296,0.01944,361
13,machine-2-2,label1,theta,-0.06118,0.24628,-0.04534,0.39038,361
13,machine-2-2,label1,alpha,-0.08698,0.09893,-0.04484,0.39564,361
13,machine-2-2,label1,beta,-0.05983,0.25683,-0.10755,0.04113,361
13,machine-2-2,label1,gamma,-0.12382,0.01859,-0.15319,0.00352,361
13,machine-2-2,diff,delta,-0.15239,0.0037,-0.14427,0.00603,361
13,machine-2-2,diff,theta,-0.09099,0.08426,-0.10403,0.04826,361
13,machine-2-2,diff,alpha,0.12267,0.01973,0.04673,0.37597,361
13,machine-2-2,diff,beta,-0.17473,0.00086,-0.17642,0.00076,361
13,machine-2-2,diff,gamma,-0.02924,0.57978,-0.03994,0.44934,361
13,machine-2-3,label0,delta,0.15274,0.00363,0.19719,0.00016,361
13,machine-2-3,label0,theta,0.15761,0.00267,0.2407,0.0,361
13,machine-2-3,label0,alpha,0.10893,0.03858,0.1476,0.00495,361
13,machine-2-3,label0,beta,0.01171,0.82449,0.03822,0.46913,361
13,machine-2-3,label0,gamma,-0.03675,0.48634,-0.0503,0.34057,361
13,machine-2-3,label1,delta,-0.04695,0.37372,-0.08362,0.11273,361
13,machine-2-3,label1,theta,0.15163,0.00388,0.19667,0.00017,361
13,machine-2-3,label1,alpha,-0.02876,0.58605,0.0346,0.51229,361
13,machine-2-3,label1,beta,0.00249,0.96245,-0.03332,0.52797,361
13,machine-2-3,label1,gamma,0.00449,0.93232,-0.01422,0.78771,361
13,machine-2-3,diff,delta,-0.1533,0.0035,-0.14458,0.00593,361
13,machine-2-3,diff,theta,0.09376,0.0752,0.07664,0.14617,361
13,machine-2-3,diff,alpha,0.0502,0.34154,-0.00617,0.90694,361
13,machine-2-3,diff,beta,-0.06932,0.18881,-0.07471,0.15662,361
13,machine-2-3,diff,gamma,-0.02224,0.67366,-0.01171,0.82446,361
13,machine-2-4,label0,delta,0.18157,0.00053,0.21904,3e-05,361
13,machine-2-4,label0,theta,0.1902,0.00028,0.22111,2e-05,361
13,machine-2-4,label0,alpha,0.25227,0.0,0.22806,1e-05,361
13,machine-2-4,label0,beta,0.06342,0.22936,0.04934,0.34994,361
13,machine-2-4,label0,gamma,0.08979,0.08846,0.07017,0.18342,361
13,machine-2-4,label1,delta,-0.20406,9e-05,-0.17555,0.00081,361
13,machine-2-4,label1,theta,0.20894,6e-05,0.23163,1e-05,361
13,machine-2-4,label1,alpha,-0.00301,0.95453,0.02409,0.64829,361
13,machine-2-4,label1,beta,0.06306,0.23201,0.0256,0.62789,361
13,machine-2-4,label1,gamma,0.06052,0.25142,0.02584,0.62466,361
13,machine-2-4,diff,delta,-0.33599,0.0,-0.10594,0.04426,361
13,machine-2-4,diff,theta,0.06165,0.24268,0.00272,0.9589,361
13,machine-2-4,diff,alpha,-0.05918,0.26209,0.02868,0.58707,361
13,machine-2-4,diff,beta,-0.01796,0.73375,-0.1041,0.04811,361
13,machine-2-4,diff,gamma,0.04084,0.43918,0.05693,0.28069,361
13,machine-3-1,label0,delta,0.10517,0.04585,0.17091,0.00111,361
13,machine-3-1,label0,theta,0.11574,0.02789,0.13213,0.01198,361
13,machine-3-1,label0,alpha,-0.08287,0.116,-0.06941,0.18822,361
13,machine-3-1,label0,beta,-0.16206,0.00201,-0.19217,0.00024,361
13,machine-3-1,label0,gamma,0.0857,0.10401,0.09315,0.07713,361
13,machine-3-1,label1,delta,0.12268,0.01972,0.14796,0.00485,361
13,machine-3-1,label1,theta,0.10525,0.04568,0.09558,0.06968,361
13,machine-3-1,label1,alpha,-0.22083,2e-05,-0.20034,0.00013,361
13,machine-3-1,label1,beta,-0.17256,0.00099,-0.17935,0.00062,361
13,machine-3-1,label1,gamma,0.15587,0.00298,0.16247,0.00196,361
13,machine-3-1,diff,delta,-0.26669,0.0,-0.28852,0.0,361
13,machine-3-1,diff,theta,-0.21491,4e-05,-0.19826,0.00015,361
13,machine-3-1,diff,alpha,-0.00951,0.85704,-0.02456,0.64192,361
13,machine-3-1,diff,beta,-0.1772,0.00072,-0.16756,0.0014,361
13,machine-3-1,diff,gamma,0.23892,0.0,0.24019,0.0,361
13,machine-3-2,label0,delta,0.19055,0.00027,0.2637,0.0,361
13,machine-3-2,label0,theta,-0.01996,0.70546,-0.05081,0.33572,361
13,machine-3-2,label0,alpha,-0.3097,0.0,-0.25071,0.0,361
13,machine-3-2,label0,beta,-0.31764,0.0,-0.28114,0.0,361
13,machine-3-2,label0,gamma,0.04456,0.39864,-0.02789,0.59741,361
13,machine-3-2,label1,delta,0.14883,0.0046,0.19683,0.00017,361
13,machine-3-2,label1,theta,0.1119,0.03356,0.14201,0.00688,361
13,machine-3-2,label1,alpha,-0.45961,0.0,-0.40464,0.0,361
13,machine-3-2,label1,beta,-0.08426,0.10999,-0.0494,0.34929,361
13,machine-3-2,label1,gamma,0.12221,0.0202,0.10742,0.04136,361
13,machine-3-2,diff,delta,0.03244,0.53893,0.02969,0.57387,361
13,machine-3-2,diff,theta,0.18435,0.00043,0.18842,0.00032,361
13,machine-3-2,diff,alpha,-0.06815,0.19643,-0.05547,0.29326,361
13,machine-3-2,diff,beta,-0.15972,0.00234,-0.12812,0.01486,361
13,machine-3-2,diff,gamma,0.02736,0.60431,0.02638,0.61735,361
13,machine-3-3,label0,delta,0.21356,4e-05,0.2712,0.0,361
13,machine-3-3,label0,theta,0.03573,0.49863,0.02607,0.62155,361
13,machine-3-3,label0,alpha,-0.38315,0.0,-0.3377,0.0,361
13,machine-3-3,label0,beta,-0.355,0.0,-0.36812,0.0,361
13,machine-3-3,label0,gamma,0.02021,0.70194,-0.0445,0.3992,361
13,machine-3-3,label1,delta,0.00293,0.95573,0.07885,0.13484,361
13,machine-3-3,label1,theta,0.04398,0.40479,0.0809,0.12495,361
13,machine-3-3,label1,alpha,-0.4885,0.0,-0.44492,0.0,361
13,machine-3-3,label1,beta,-0.19626,0.00018,-0.20355,0.0001,361
13,machine-3-3,label1,gamma,-0.01978,0.70799,-0.01862,0.72445,361
13,machine-3-3,diff,delta,0.08722,0.09803,0.05499,0.29742,361
13,machine-3-3,diff,theta,0.05314,0.31399,0.05731,0.27744,361
13,machine-3-3,diff,alpha,0.15334,0.00349,0.14408,0.0061,361
13,machine-3-3,diff,beta,0.00886,0.86672,0.00887,0.86661,361
13,machine-3-3,diff,gamma,0.09335,0.07651,0.07926,0.13282,361
13,machine-3-4,label0,delta,0.06501,0.21787,0.16987,0.0012,361
13,machine-3-4,label0,theta,0.03539,0.50266,0.05401,0.30613,361
13,machine-3-4,label0,alpha,-0.44165,0.0,-0.41969,0.0,361
13,machine-3-4,label0,beta,-0.2369,1e-05,-0.25354,0.0,361
13,machine-3-4,label0,gamma,-0.00273,0.95884,-0.0409,0.43855,361
13,machine-3-4,label1,delta,0.15465,0.00322,0.1865,0.00037,361
13,machine-3-4,label1,theta,0.01267,0.81034,0.03538,0.50274,361
13,machine-3-4,label1,alpha,-0.50316,0.0,-0.47204,0.0,361
13,machine-3-4,label1,beta,-0.33347,0.0,-0.33699,0.0,361
13,machine-3-4,label1,gamma,-0.04824,0.36077,-0.06228,0.23788,361
13,machine-3-4,diff,delta,0.03671,0.48682,0.0057,0.91402,361
13,machine-3-4,diff,theta,0.10178,0.05335,0.09031,0.08665,361
13,machine-3-4,diff,alpha,0.01027,0.84584,0.04161,0.43059,361
13,machine-3-4,diff,beta,-0.08836,0.09366,-0.08717,0.09822,361
13,machine-3-4,diff,gamma,0.10537,0.04543,0.0839,0.11151,361
13,machine-4-1,label0,delta,-0.04409,0.40356,-0.06368,0.22742,361
13,machine-4-1,label0,theta,0.10197,0.05291,0.08487,0.10744,361
13,machine-4-1,label0,alpha,0.02715,0.60714,-0.00511,0.92294,361
13,machine-4-1,label0,beta,0.11639,0.02701,0.1177,0.02534,361
13,machine-4-1,label0,gamma,-0.02151,0.68381,-0.03011,0.56857,361
13,machine-4-1,label1,delta,0.13365,0.01102,0.12807,0.0149,361
13,machine-4-1,label1,theta,-0.04828,0.36035,-0.04041,0.44406,361
13,machine-4-1,label1,alpha,0.15034,0.0042,0.16057,0.00221,361
13,machine-4-1,label1,beta,0.18244,0.00049,0.19653,0.00017,361
13,machine-4-1,label1,gamma,-0.03052,0.56327,-0.01479,0.77944,361
13,machine-4-1,diff,delta,0.18728,0.00035,0.08252,0.11756,361
13,machine-4-1,diff,theta,-0.25995,0.0,-0.11662,0.02671,361
13,machine-4-1,diff,alpha,0.03165,0.54887,0.03897,0.46043,361
13,machine-4-1,diff,beta,0.0821,0.11943,0.1406,0.00746,361
13,machine-4-1,diff,gamma,-0.07476,0.15631,-0.04481,0.39595,361
13,machine-4-2,label0,delta,0.53082,0.0,0.39734,0.0,361
13,machine-4-2,label0,theta,0.35743,0.0,0.34934,0.0,361
13,machine-4-2,label0,alpha,-0.09192,0.08112,-0.1157,0.02795,361
13,machine-4-2,label0,beta,0.15655,0.00286,0.12966,0.01368,361
13,machine-4-2,label0,gamma,-0.16005,0.00229,-0.18289,0.00048,361
13,machine-4-2,label1,delta,0.31551,0.0,0.28297,0.0,361
13,machine-4-2,label1,theta,0.31364,0.0,0.24788,0.0,361
13,machine-4-2,label1,alpha,-0.03318,0.52973,-0.0243,0.64537,361
13,machine-4-2,label1,beta,0.16446,0.00172,0.1639,0.00178,361
13,machine-4-2,label1,gamma,0.22116,2e-05,0.20917,6e-05,361
13,machine-4-2,diff,delta,0.06432,0.22282,0.11516,0.02869,361
13,machine-4-2,diff,theta,0.1548,0.00319,0.17757,0.0007,361
13,machine-4-2,diff,alpha,-0.00584,0.91188,-0.01904,0.71852,361
13,machine-4-2,diff,beta,0.30968,0.0,0.32377,0.0,361
13,machine-4-2,diff,gamma,0.03073,0.56055,0.033,0.53192,361
13,machine-4-3,label0,delta,0.20707,7e-05,0.12504,0.01746,361
13,machine-4-3,label0,theta,0.14869,0.00464,0.15488,0.00318,361
13,machine-4-3,label0,alpha,-0.08895,0.0915,-0.0852,0.10607,361
13,machine-4-3,label0,beta,-0.00459,0.93074,0.03901,0.45992,361
13,machine-4-3,label0,gamma,0.02034,0.70006,-0.09461,0.07261,361
13,machine-4-3,label1,delta,0.1112,0.03468,0.07518,0.15401,361
13,machine-4-3,label1,theta,0.00362,0.94535,-0.05166,0.3277,361
13,machine-4-3,label1,alpha,0.12532,0.01721,0.13985,0.00779,361
13,machine-4-3,label1,beta,-0.02054,0.69729,0.05684,0.28141,361
13,machine-4-3,label1,gamma,0.13565,0.00987,0.16907,0.00126,361
13,machine-4-3,diff,delta,-0.09793,0.06306,-0.09236,0.07968,361
13,machine-4-3,diff,theta,-0.02775,0.59916,-0.05199,0.32464,361
13,machine-4-3,diff,alpha,0.00458,0.93089,0.01207,0.81928,361
13,machine-4-3,diff,beta,0.08013,0.1286,0.08268,0.11683,361
13,machine-4-3,diff,gamma,0.05621,0.28682,0.06117,0.24637,361
13,machine-4-4,label0,delta,0.46915,0.0,0.46325,0.0,361
13,machine-4-4,label0,theta,0.2827,0.0,0.31721,0.0,361
13,machine-4-4,label0,alpha,-0.05618,0.28709,-0.10133,0.05442,361
13,machine-4-4,label0,beta,-0.05214,0.32323,-0.04301,0.41525,361
13,machine-4-4,label0,gamma,-0.05125,0.33156,-0.0478,0.36519,361
13,machine-4-4,label1,delta,0.42911,0.0,0.46687,0.0,361
13,machine-4-4,label1,theta,0.2801,0.0,0.30242,0.0,361
13,machine-4-4,label1,alpha,0.13405,0.01078,0.13943,0.00798,361
13,machine-4-4,label1,beta,0.00626,0.90562,0.02154,0.68338,361
13,machine-4-4,label1,gamma,0.0944,0.07323,0.08396,0.11125,361
13,machine-4-4,diff,delta,0.06524,0.21624,0.067,0.20411,361
13,machine-4-4,diff,theta,0.20167,0.00011,0.14614,0.0054,361
13,machine-4-4,diff,alpha,-0.0356,0.50008,0.00128,0.98072,361
13,machine-4-4,diff,beta,0.19052,0.00027,0.15927,0.00241,361
13,machine-4-4,diff,gamma,0.18639,0.00037,0.21894,3e-05,361
13,machine-5-1,label0,delta,0.11714,0.02604,0.12204,0.02037,361
13,machine-5-1,label0,theta,0.38124,0.0,0.3903,0.0,361
13,machine-5-1,label0,alpha,0.06259,0.23552,0.02035,0.69997,361
13,machine-5-1,label0,beta,-0.07447,0.15798,-0.05819,0.27013,361
13,machine-5-1,label0,gamma,0.19328,0.00022,0.22442,2e-05,361
13,machine-5-1,label1,delta,0.28139,0.0,0.29146,0.0,361
13,machine-5-1,label1,theta,0.11139,0.03437,0.11652,0.02685,361
13,machine-5-1,label1,alpha,0.00963,0.85528,-0.03467,0.5114,361
13,machine-5-1,label1,beta,0.00454,0.93144,0.0331,0.53068,361
13,machine-5-1,label1,gamma,0.17768,0.0007,0.17697,0.00073,361
13,machine-5-1,diff,delta,0.32419,0.0,0.25084,0.0,361
13,machine-5-1,diff,theta,-0.15016,0.00424,-0.16106,0.00214,361
13,machine-5-1,diff,alpha,0.1891,0.0003,0.17379,0.00091,361
13,machine-5-1,diff,beta,-0.1448,0.00585,-0.13939,0.008,361
13,machine-5-1,diff,gamma,0.22866,1e-05,0.24019,0.0,361
13,machine-5-2,label0,delta,-0.06777,0.19893,-0.11134,0.03446,361
13,machine-5-2,label0,theta,0.02751,0.60232,-0.00583,0.91207,361
13,machine-5-2,label0,alpha,0.16318,0.00187,0.14499,0.00578,361
13,machine-5-2,label0,beta,-0.28881,0.0,-0.27815,0.0,361
13,machine-5-2,label0,gamma,-0.22296,2e-05,-0.22903,1e-05,361
13,machine-5-2,label1,delta,-0.04242,0.42171,-0.06328,0.23042,361
13,machine-5-2,label1,theta,0.19281,0.00023,0.18404,0.00044,361
13,machine-5-2,label1,alpha,0.17447,0.00087,0.15724,0.00274,361
13,machine-5-2,label1,beta,-0.13982,0.0078,-0.14879,0.00461,361
13,machine-5-2,label1,gamma,0.22127,2e-05,0.20719,7e-05,361
13,machine-5-2,diff,delta,0.17244,0.001,0.1629,0.0019,361
13,machine-5-2,diff,theta,0.08785,0.09559,0.0394,0.45547,361
13,machine-5-2,diff,alpha,0.06677,0.20567,0.01021,0.8467,361
13,machine-5-2,diff,beta,-0.09334,0.07653,-0.1016,0.05377,361
13,machine-5-2,diff,gamma,0.20689,7e-05,0.17732,0.00071,361
13,machine-5-3,label0,delta,0.20817,7e-05,0.24214,0.0,361
13,machine-5-3,label0,theta,0.1363,0.00952,0.13163,0.01231,361
13,machine-5-3,label0,alpha,0.15477,0.0032,0.11136,0.03442,361
13,machine-5-3,label0,beta,-0.35608,0.0,-0.34496,0.0,361
13,machine-5-3,label0,gamma,-0.16069,0.0022,-0.14364,0.00626,361
13,machine-5-3,label1,delta,-0.05387,0.30743,-0.07067,0.18034,361
13,machine-5-3,label1,theta,0.27379,0.0,0.27916,0.0,361
13,machine-5-3,label1,alpha,0.07336,0.16424,0.03558,0.50039,361
13,machine-5-3,label1,beta,-0.10055,0.05629,-0.1029,0.05075,361
13,machine-5-3,label1,gamma,0.3128,0.0,0.2966,0.0,361
13,machine-5-3,diff,delta,0.25001,0.0,0.18558,0.00039,361
13,machine-5-3,diff,theta,0.17562,0.0008,0.16126,0.00212,361
13,machine-5-3,diff,alpha,0.09938,0.05925,0.10764,0.04096,361
13,machine-5-3,diff,beta,-0.11535,0.02842,-0.10277,0.05105,361
13,machine-5-3,diff,gamma,0.08451,0.10893,0.04562,0.38748,361
13,machine-5-4,label0,delta,0.05841,0.26834,0.14544,0.00563,361
13,machine-5-4,label0,theta,-0.10593,0.04429,-0.06616,0.20983,361
13,machine-5-4,label0,alpha,0.22504,2e-05,0.21361,4e-05,361
13,machine-5-4,label0,beta,-0.39268,0.0,-0.39633,0.0,361
13,machine-5-4,label0,gamma,-0.10712,0.04195,-0.14348,0.00632,361
13,machine-5-4,label1,delta,-0.3506,0.0,-0.34684,0.0,361
13,machine-5-4,label1,theta,0.30893,0.0,0.31284,0.0,361
13,machine-5-4,label1,alpha,0.18982,0.00029,0.16578,0.00157,361
13,machine-5-4,label1,beta,-0.10972,0.03718,-0.11761,0.02544,361
13,machine-5-4,label1,gamma,0.22835,1e-05,0.20705,7e-05,361
13,machine-5-4,diff,delta,-0.08222,0.11891,-0.07107,0.1779,361
13,machine-5-4,diff,theta,0.2212,2e-05,0.15818,0.00258,361
13,machine-5-4,diff,alpha,0.09046,0.08612,0.08841,0.09348,361
13,machine-5-4,diff,beta,0.12042,0.02211,0.11844,0.02441,361
13,machine-5-4,diff,gamma,0.21592,4e-05,0.16532,0.00162,361
13,machine-6-1,label0,delta,0.31866,0.0,0.30411,0.0,361
13,machine-6-1,label0,theta,0.10177,0.05336,0.0967,0.06647,361
13,machine-6-1,label0,alpha,-0.16386,0.00179,-0.16333,0.00185,361
13,machine-6-1,label0,beta,-0.05268,0.31824,-0.02383,0.65182,361
13,machine-6-1,label0,gamma,0.08197,0.12005,0.09032,0.08661,361
13,machine-6-1,label1,delta,-0.05448,0.30196,-0.03498,0.50758,361
13,machine-6-1,label1,theta,-0.20679,8e-05,-0.22927,1e-05,361
13,machine-6-1,label1,alpha,-0.10599,0.04416,-0.10282,0.05093,361
13,machine-6-1,label1,beta,-0.01716,0.74516,-0.02731,0.60505,361
13,machine-6-1,label1,gamma,-0.05797,0.27199,-0.10676,0.04264,361
13,machine-6-1,diff,delta,0.01838,0.72781,0.00352,0.94684,361
13,machine-6-1,diff,theta,0.03001,0.5698,-0.00531,0.91996,361
13,machine-6-1,diff,alpha,-0.04691,0.37417,-0.0705,0.18135,361
13,machine-6-1,diff,beta,-0.16549,0.0016,-0.15476,0.0032,361
13,machine-6-1,diff,gamma,0.12037,0.02217,0.0924,0.07957,361
13,machine-6-2,label0,delta,-0.18139,0.00053,-0.15159,0.00389,361
13,machine-6-2,label0,theta,0.14054,0.00749,0.12418,0.01826,361
13,machine-6-2,label0,alpha,-0.06529,0.21589,-0.09755,0.06411,361
13,machine-6-2,label0,beta,0.02838,0.59097,0.03373,0.52291,361
13,machine-6-2,label0,gamma,0.05335,0.31207,0.04563,0.38733,361
13,machine-6-2,label1,delta,0.02259,0.66885,0.02903,0.58254,361
13,machine-6-2,label1,theta,0.04444,0.39991,0.03127,0.55366,361
13,machine-6-2,label1,alpha,-0.11217,0.03312,-0.09973,0.05835,361
13,machine-6-2,label1,beta,0.00635,0.90434,0.01183,0.82281,361
13,machine-6-2,label1,gamma,0.00627,0.90557,0.06366,0.22763,361
13,machine-6-2,diff,delta,-0.03609,0.49428,-0.04976,0.34577,361
13,machine-6-2,diff,theta,-0.02817,0.59367,-0.07327,0.16479,361
13,machine-6-2,diff,alpha,0.05617,0.28716,0.04867,0.3565,361
13,machine-6-2,diff,beta,-0.09791,0.06312,-0.12309,0.01931,361
13,machine-6-2,diff,gamma,0.11595,0.02761,0.12146,0.02099,361
13,machine-6-3,label0,delta,0.12056,0.02196,0.18345,0.00046,361
13,machine-6-3,label0,theta,0.18405,0.00044,0.14708,0.00511,361
13,machine-6-3,label0,alpha,-0.35234,0.0,-0.39633,0.0,361
13,machine-6-3,label0,beta,0.11801,0.02494,0.10097,0.05527,361
13,machine-6-3,label0,gamma,0.09584,0.06893,0.05319,0.31354,361
13,machine-6-3,label1,delta,-0.16709,0.00144,-0.21244,5e-05,361
13,machine-6-3,label1,theta,0.08099,0.12453,0.08125,0.12334,361
13,machine-6-3,label1,alpha,-0.19396,0.00021,-0.19302,0.00022,361
13,machine-6-3,label1,beta,0.03707,0.48259,0.05753,0.27559,361
13,machine-6-3,label1,gamma,0.02268,0.66756,0.0182,0.73043,361
13,machine-6-3,diff,delta,-0.323,0.0,-0.4173,0.0,361
13,machine-6-3,diff,theta,0.08253,0.11749,0.04538,0.38994,361
13,machine-6-3,diff,alpha,0.20724,7e-05,0.18132,0.00054,361
13,machine-6-3,diff,beta,0.02366,0.65412,0.01099,0.83512,361
13,machine-6-3,diff,gamma,0.06713,0.20318,0.02474,0.63945,361
13,machine-6-4,label0,delta,-0.28812,0.0,-0.20873,6e-05,361
13,machine-6-4,label0,theta,0.24174,0.0,0.23518,1e-05,361
13,machine-6-4,label0,alpha,-0.15469,0.00321,-0.18962,0.00029,361
13,machine-6-4,label0,beta,0.09981,0.05816,0.09201,0.08084,361
13,machine-6-4,label0,gamma,0.08226,0.11873,0.05722,0.27826,361
13,machine-6-4,label1,delta,0.01613,0.76003,0.00447,0.93255,361
13,machine-6-4,label1,theta,-0.03142,0.55185,-0.02858,0.5884,361
13,machine-6-4,label1,alpha,-0.19396,0.00021,-0.1654,0.00161,361
13,machine-6-4,label1,beta,-0.03988,0.44998,-0.05716,0.27872,361
13,machine-6-4,label1,gamma,0.07866,0.1358,0.08717,0.09822,361
13,machine-6-4,diff,delta,0.16378,0.00179,0.18082,0.00056,361
13,machine-6-4,diff,theta,0.02227,0.67321,-0.03565,0.49956,361
13,machine-6-4,diff,alpha,0.18257,0.00049,0.15311,0.00354,361
13,machine-6-4,diff,beta,-0.09421,0.07382,-0.09386,0.07491,361
13,machine-6-4,diff,gamma,0.17809,0.00068,0.15219,0.00375,361
13,machine-7-1,label0,delta,-0.0403,0.44529,-0.04088,0.43871,361
13,machine-7-1,label0,theta,0.01518,0.77372,0.01276,0.80906,361
13,machine-7-1,label0,alpha,0.08758,0.09664,0.046,0.38352,361
13,machine-7-1,label0,beta,-0.10546,0.04525,-0.11462,0.02945,361
13,machine-7-1,label0,gamma,-0.08482,0.10764,-0.09787,0.06325,361
13,machine-7-1,label1,delta,-0.06986,0.18538,-0.08234,0.11835,361
13,machine-7-1,label1,theta,-0.00149,0.97744,-0.03074,0.56051,361
13,machine-7-1,label1,alpha,0.08452,0.10891,0.09769,0.06373,361
13,machine-7-1,label1,beta,-0.03628,0.49193,-0.05532,0.29452,361
13,machine-7-1,label1,gamma,-0.03937,0.45586,-0.04593,0.38424,361
13,machine-7-1,diff,delta,-0.06816,0.19636,-0.0899,0.08807,361
13,machine-7-1,diff,theta,-0.03953,0.45405,-0.03903,0.45979,361
13,machine-7-1,diff,alpha,0.14051,0.0075,0.12883,0.0143,361
13,machine-7-1,diff,beta,-0.08144,0.12245,-0.07108,0.1778,361
13,machine-7-1,diff,gamma,-0.02048,0.69823,-0.00872,0.86886,361
13,machine-7-2,label0,delta,0.3789,0.0,0.3835,0.0,361
13,machine-7-2,label0,theta,0.19548,0.00019,0.18079,0.00056,361
13,machine-7-2,label0,alpha,-0.09448,0.07298,-0.11062,0.03565,361
13,machine-7-2,label0,beta,-0.28058,0.0,-0.27178,0.0,361
13,machine-7-2,label0,gamma,0.0589,0.26436,0.0693,0.18896,361
13,machine-7-2,label1,delta,0.04052,0.44278,0.00881,0.86758,361
13,machine-7-2,label1,theta,0.08632,0.10154,0.07166,0.17427,361
13,machine-7-2,label1,alpha,-0.11492,0.02902,-0.10154,0.05391,361
13,machine-7-2,label1,beta,-0.03077,0.56011,-0.02293,0.66416,361
13,machine-7-2,label1,gamma,-0.06114,0.24659,-0.06814,0.19645,361
13,machine-7-2,diff,delta,-0.23308,1e-05,-0.07808,0.13872,361
13,machine-7-2,diff,theta,-0.06291,0.23316,-0.03991,0.44962,361
13,machine-7-2,diff,alpha,0.08824,0.09413,0.0498,0.34538,361
13,machine-7-2,diff,beta,-0.05858,0.26691,0.024,0.64942,361
13,machine-7-2,diff,gamma,0.10825,0.03982,0.09438,0.07331,361
13,machine-7-3,label0,delta,0.3765,0.0,0.45166,0.0,361
13,machine-7-3,label0,theta,0.05973,0.25765,0.09498,0.07146,361
13,machine-7-3,label0,alpha,-0.40608,0.0,-0.38015,0.0,361
13,machine-7-3,label0,beta,-0.43807,0.0,-0.4354,0.0,361
13,machine-7-3,label0,gamma,-0.19197,0.00024,-0.20182,0.00011,361
13,machine-7-3,label1,delta,-0.07177,0.17362,-0.03164,0.549,361
13,machine-7-3,label1,theta,0.05447,0.30202,0.07611,0.14898,361
13,machine-7-3,label1,alpha,0.03946,0.45485,0.05671,0.28256,361
13,machine-7-3,label1,beta,-0.36458,0.0,-0.35755,0.0,361
13,machine-7-3,label1,gamma,-0.1943,0.0002,-0.18095,0.00055,361
13,machine-7-3,diff,delta,-0.48076,0.0,-0.51046,0.0,361
13,machine-7-3,diff,theta,0.03924,0.45735,0.07563,0.15154,361
13,machine-7-3,diff,alpha,0.14176,0.00698,0.13987,0.00778,361
13,machine-7-3,diff,beta,-0.13212,0.01199,-0.12138,0.02106,361
13,machine-7-3,diff,gamma,0.07254,0.16903,0.06316,0.23131,361
13,machine-7-4,label0,delta,0.38646,0.0,0.462,0.0,361
13,machine-7-4,label0,theta,-0.15196,0.0038,-0.09899,0.06027,361
13,machine-7-4,label0,alpha,-0.28539,0.0,-0.26612,0.0,361
13,machine-7-4,label0,beta,-0.48753,0.0,-0.48838,0.0,361
13,machine-7-4,label0,gamma,-0.23967,0.0,-0.23159,1e-05,361
13,machine-7-4,label1,delta,0.01783,0.7357,0.05665,0.28309,361
13,machine-7-4,label1,theta,0.00467,0.92949,0.05202,0.32434,361
13,machine-7-4,label1,alpha,-0.0561,0.28773,-0.02305,0.66242,361
13,machine-7-4,label1,beta,-0.40168,0.0,-0.38636,0.0,361
13,machine-7-4,label1,gamma,-0.19323,0.00022,-0.18417,0.00044,361
13,machine-7-4,diff,delta,-0.35701,0.0,-0.4527,0.0,361
13,machine-7-4,diff,theta,0.20039,0.00013,0.26723,0.0,361
13,machine-7-4,diff,alpha,0.1479,0.00486,0.11194,0.03349,361
13,machine-7-4,diff,beta,-0.15022,0.00423,-0.1449,0.00581,361
13,machine-7-4,diff,gamma,0.11288,0.03202,0.0897,0.0888,361
13,machine-8-1,label0,delta,0.09894,0.06038,0.10548,0.0452,361
13,machine-8-1,label0,theta,0.11551,0.0282,0.10723,0.04173,361
13,machine-8-1,label0,alpha,0.11038,0.03604,0.13089,0.01281,361
13,machine-8-1,label0,beta,0.01861,0.72455,0.03266,0.53617,361
13,machine-8-1,label0,gamma,0.03033,0.56564,0.03051,0.56344,361
13,machine-8-1,label1,delta,0.1377,0.0088,0.12693,0.01582,361
13,machine-8-1,label1,theta,-0.05558,0.29225,-0.0576,0.27508,361
13,machine-8-1,label1,alpha,-0.01058,0.84122,0.02428,0.64567,361
13,machine-8-1,label1,beta,-0.1288,0.01433,-0.11725,0.02591,361
13,machine-8-1,label1,gamma,-0.04029,0.44534,-0.02718,0.60675,361
13,machine-8-1,diff,delta,-0.13168,0.01228,-0.13246,0.01176,361
13,machine-8-1,diff,theta,0.03102,0.55684,0.0227,0.66723,361
13,machine-8-1,diff,alpha,-0.04544,0.38934,-0.02077,0.69414,361
13,machine-8-1,diff,beta,0.04852,0.35803,0.0723,0.17049,361
13,machine-8-1,diff,gamma,0.01491,0.77767,0.02176,0.68028,361
13,machine-8-2,label0,delta,0.31474,0.0,0.27852,0.0,361
13,machine-8-2,label0,theta,0.27708,0.0,0.283,0.0,361
13,machine-8-2,label0,alpha,-0.2973,0.0,-0.24849,0.0,361
13,machine-8-2,label0,beta,0.14463,0.00591,0.18694,0.00036,361
13,machine-8-2,label0,gamma,0.1905,0.00027,0.1939,0.00021,361
13,machine-8-2,label1,delta,0.18783,0.00033,0.16099,0.00215,361
13,machine-8-2,label1,theta,0.17901,0.00063,0.17566,0.0008,361
13,machine-8-2,label1,alpha,-0.03367,0.52362,0.03018,0.56757,361
13,machine-8-2,label1,beta,0.05147,0.32945,0.06708,0.20354,361
13,machine-8-2,label1,gamma,0.14554,0.0056,0.12658,0.01611,361
13,machine-8-2,diff,delta,-0.21912,3e-05,-0.24205,0.0,361
13,machine-8-2,diff,theta,0.1223,0.0201,0.11384,0.03058,361
13,machine-8-2,diff,alpha,-0.0703,0.18265,-0.06549,0.21451,361
13,machine-8-2,diff,beta,-0.07747,0.1418,-0.08449,0.10904,361
13,machine-8-2,diff,gamma,-0.03444,0.51417,-0.00929,0.86036,361
13,machine-8-3,label0,delta,0.40763,0.0,0.41616,0.0,361
13,machine-8-3,label0,theta,0.46011,0.0,0.43714,0.0,361
13,machine-8-3,label0,alpha,-0.22904,1e-05,-0.18254,0.00049,361
13,machine-8-3,label0,beta,0.15199,0.0038,0.2309,1e-05,361
13,machine-8-3,label0,gamma,0.24298,0.0,0.29207,0.0,361
13,machine-8-3,label1,delta,0.25322,0.0,0.28105,0.0,361
13,machine-8-3,label1,theta,0.16376,0.0018,0.18766,0.00034,361
13,machine-8-3,label1,alpha,-0.18192,0.00051,-0.09636,0.06744,361
13,machine-8-3,label1,beta,0.04686,0.37465,0.08137,0.12278,361
13,machine-8-3,label1,gamma,0.12531,0.01722,0.15514,0.00312,361
13,machine-8-3,diff,delta,-0.15024,0.00423,-0.12896,0.0142,361
13,machine-8-3,diff,theta,-0.10406,0.04819,-0.10592,0.0443,361
13,machine-8-3,diff,alpha,0.00364,0.94504,0.03125,0.55394,361
13,machine-8-3,diff,beta,0.02542,0.63028,0.04535,0.39026,361
13,machine-8-3,diff,gamma,-0.0134,0.7997,-0.00512,0.92283,361
13,machine-8-4,label0,delta,0.2702,0.0,0.21117,5e-05,361
13,machine-8-4,label0,theta,0.39889,0.0,0.43537,0.0,361
13,machine-8-4,label0,alpha,-0.13562,0.00988,-0.07177,0.17364,361
13,machine-8-4,label0,beta,0.12449,0.01797,0.14121,0.00721,361
13,machine-8-4,label0,gamma,0.15804,0.0026,0.19453,0.0002,361
13,machine-8-4,label1,delta,0.2189,3e-05,0.24809,0.0,361
13,machine-8-4,label1,theta,0.42335,0.0,0.4006,0.0,361
13,machine-8-4,label1,alpha,0.03933,0.45633,0.06811,0.19668,361
13,machine-8-4,label1,beta,-0.17292,0.00097,-0.13825,0.00853,361
13,machine-8-4,label1,gamma,-0.03409,0.51853,-0.00456,0.93116,361
13,machine-8-4,diff,delta,0.04718,0.37139,0.07659,0.14642,361
13,machine-8-4,diff,theta,0.14659,0.00526,0.06216,0.23877,361
13,machine-8-4,diff,alpha,0.01817,0.73074,0.04982,0.34524,361
13,machine-8-4,diff,beta,-0.05438,0.30281,-0.07448,0.15789,361
13,machine-8-4,diff,gamma,-0.12932,0.01394,-0.13424,0.01067,361
13,machine-9-1,label0,delta,0.12798,0.01497,0.14564,0.00556,361
13,machine-9-1,label0,theta,-0.20041,0.00013,-0.22298,2e-05,361
13,machine-9-1,label0,alpha,-0.12833,0.01469,-0.11622,0.02724,361
13,machine-9-1,label0,beta,0.01916,0.7168,0.02117,0.68858,361
13,machine-9-1,label0,gamma,-0.19591,0.00018,-0.18632,0.00037,361
13,machine-9-1,label1,delta,-0.16698,0.00145,-0.1791,0.00063,361
13,machine-9-1,label1,theta,-0.07571,0.15112,-0.07046,0.18166,361
13,machine-9-1,label1,alpha,-0.18094,0.00055,-0.22034,2e-05,361
13,machine-9-1,label1,beta,0.17427,0.00088,0.15218,0.00375,361
13,machine-9-1,label1,gamma,0.05373,0.30867,0.06139,0.24467,361
13,machine-9-1,diff,delta,0.05225,0.32218,0.05428,0.30372,361
13,machine-9-1,diff,theta,-0.01449,0.78379,0.01013,0.84793,361
13,machine-9-1,diff,alpha,0.07096,0.17852,0.04038,0.44431,361
13,machine-9-1,diff,beta,-0.18292,0.00048,-0.25163,0.0,361
13,machine-9-1,diff,gamma,-0.15598,0.00296,-0.17276,0.00098,361
13,machine-9-2,label0,delta,0.08692,0.09915,0.09493,0.07163,361
13,machine-9-2,label0,theta,0.27118,0.0,0.29013,0.0,361
13,machine-9-2,label0,alpha,-0.08392,0.11144,-0.12344,0.01896,361
13,machine-9-2,label0,beta,-0.26457,0.0,-0.24104,0.0,361
13,machine-9-2,label0,gamma,0.27199,0.0,0.27418,0.0,361
13,machine-9-2,label1,delta,0.21696,3e-05,0.21815,3e-05,361
13,machine-9-2,label1,theta,-0.04891,0.35416,-0.0839,0.11153,361
13,machine-9-2,label1,alpha,0.26571,0.0,0.27518,0.0,361
13,machine-9-2,label1,beta,-0.17235,0.00101,-0.19234,0.00024,361
13,machine-9-2,label1,gamma,0.04148,0.43202,0.02293,0.66416,361
13,machine-9-2,diff,delta,0.00843,0.8732,0.01738,0.74202,361
13,machine-9-2,diff,theta,-0.13691,0.0092,-0.11719,0.02598,361
13,machine-9-2,diff,alpha,0.06679,0.20554,0.02173,0.68072,361
13,machine-9-2,diff,beta,-0.06459,0.22088,-0.02782,0.59827,361
13,machine-9-2,diff,gamma,-0.03061,0.56205,0.03878,0.46266,361
13,machine-9-3,label0,delta,0.2072,7e-05,0.19422,0.0002,361
13,machine-9-3,label0,theta,0.21232,5e-05,0.21716,3e-05,361
13,machine-9-3,label0,alpha,-0.10514,0.04591,-0.10935,0.03783,361
13,machine-9-3,label0,beta,-0.16127,0.00211,-0.18538,0.0004,361
13,machine-9-3,label0,gamma,0.15075,0.00409,0.14991,0.00431,361
13,machine-9-3,label1,delta,0.11878,0.02401,0.10808,0.04014,361
13,machine-9-3,label1,theta,-0.11667,0.02664,-0.13894,0.00821,361
13,machine-9-3,label1,alpha,0.23377,1e-05,0.26461,0.0,361
13,machine-9-3,label1,beta,-0.13178,0.01221,-0.17956,0.00061,361
13,machine-9-3,label1,gamma,-0.09413,0.07405,-0.11196,0.03346,361
13,machine-9-3,diff,delta,0.01243,0.81391,0.00771,0.88389,361
13,machine-9-3,diff,theta,-0.12388,0.01854,-0.17342,0.00094,361
13,machine-9-3,diff,alpha,-0.03915,0.45835,0.02126,0.68725,361
13,machine-9-3,diff,beta,0.10266,0.0513,0.13311,0.01136,361
13,machine-9-3,diff,gamma,-0.00831,0.87496,-0.00243,0.96331,361
13,machine-9-4,label0,delta,0.22233,2e-05,0.20601,8e-05,361
13,machine-9-4,label0,theta,0.18656,0.00037,0.20763,7e-05,361
13,machine-9-4,label0,alpha,-0.07,0.1845,-0.0487,0.35623,361
13,machine-9-4,label0,beta,-0.15843,0.00254,-0.18021,0.00058,361
13,machine-9-4,label0,gamma,0.27155,0.0,0.26093,0.0,361
13,machine-9-4,label1,delta,0.1587,0.00249,0.13609,0.00963,361
13,machine-9-4,label1,theta,-0.09192,0.08114,-0.14462,0.00591,361
13,machine-9-4,label1,alpha,0.34362,0.0,0.3343,0.0,361
13,machine-9-4,label1,beta,-0.03431,0.51583,-0.07389,0.16123,361
13,machine-9-4,label1,gamma,-0.12041,0.02212,-0.12862,0.01446,361
13,machine-9-4,diff,delta,0.03337,0.5274,-0.01138,0.82937,361
13,machine-9-4,diff,theta,-0.13337,0.0112,-0.15559,0.00304,361
13,machine-9-4,diff,alpha,0.0073,0.89012,0.01178,0.82352,361
13,machine-9-4,diff,beta,0.09682,0.06614,0.18708,0.00035,361
13,machine-9-4,diff,gamma,-0.12501,0.01749,-0.04603,0.38319,361
23,machine-10-1,label0,delta,-0.06781,0.19863,-0.0964,0.06733,361
23,machine-10-1,label0,theta,0.04507,0.39318,0.07929,0.13266,361
23,machine-10-1,label0,alpha,0.12519,0.01733,0.12762,0.01525,361
23,machine-10-1,label0,beta,0.09924,0.05962,0.09395,0.07461,361
23,machine-10-1,label0,gamma,-0.19435,0.0002,-0.1588,0.00248,361
23,machine-10-1,label1,delta,0.00664,0.89998,0.04771,0.36605,361
23,machine-10-1,label1,theta,0.12734,0.01548,0.10587,0.04441,361
23,machine-10-1,label1,alpha,0.38448,0.0,0.41603,0.0,361
23,machine-10-1,label1,beta,-0.02596,0.62301,0.00302,0.95445,361
23,machine-10-1,label1,gamma,-0.0361,0.49418,-0.05281,0.317,361
23,machine-10-1,diff,delta,0.10368,0.04902,0.11153,0.03414,361
23,machine-10-1,diff,theta,-0.05376,0.30842,-0.05318,0.31366,361
23,machine-10-1,diff,alpha,0.07303,0.16618,0.07971,0.13063,361
23,machine-10-1,diff,beta,-0.13674,0.00929,-0.05971,0.25779,361
23,machine-10-1,diff,gamma,-0.15001,0.00428,-0.12317,0.01923,361
23,machine-10-2,label0,delta,0.13957,0.00791,0.21952,3e-05,361
23,machine-10-2,label0,theta,0.33439,0.0,0.30452,0.0,361
23,machine-10-2,label0,alpha,0.00683,0.89709,-0.0014,0.97881,361
23,machine-10-2,label0,beta,-0.20011,0.00013,-0.18384,0.00045,361
23,machine-10-2,label0,gamma,-0.02069,0.6952,-0.02725,0.60581,361
23,machine-10-2,label1,delta,0.13456,0.01049,0.12489,0.0176,361
23,machine-10-2,label1,theta,0.23119,1e-05,0.27245,0.0,361
23,machine-10-2,label1,alpha,0.18228,0.0005,0.17411,0.00089,361
23,machine-10-2,label1,beta,-0.23487,1e-05,-0.21623,3e-05,361
23,machine-10-2,label1,gamma,-0.08908,0.09103,-0.06936,0.18858,361
23,machine-10-2,diff,delta,-0.25622,0.0,-0.24755,0.0,361
23,machine-10-2,diff,theta,0.05873,0.26573,0.07054,0.18111,361
23,machine-10-2,diff,alpha,-0.00736,0.88921,0.06473,0.21988,361
23,machine-10-2,diff,beta,0.01584,0.76417,0.01916,0.71675,361
23,machine-10-2,diff,gamma,0.1584,0.00254,0.14549,0.00562,361
23,machine-10-3,label0,delta,0.09823,0.06225,0.15671,0.00283,361
23,machine-10-3,label0,theta,0.32047,0.0,0.3129,0.0,361
23,machine-10-3,label0,alpha,0.02648,0.61601,0.01266,0.81054,361
23,machine-10-3,label0,beta,-0.2485,0.0,-0.24008,0.0,361
23,machine-10-3,label0,gamma,0.00261,0.96059,-0.00934,0.85968,361
23,machine-10-3,label1,delta,0.17502,0.00084,0.19306,0.00022,361
23,machine-10-3,label1,theta,0.20034,0.00013,0.23883,0.0,361
23,machine-10-3,label1,alpha,0.19621,0.00018,0.19447,0.0002,361
23,machine-10-3,label1,beta,-0.18221,0.0005,-0.16133,0.00211,361
23,machine-10-3,label1,gamma,0.0001,0.99845,0.02892,0.58391,361
23,machine-10-3,diff,delta,-0.15606,0.00295,-0.15659,0.00285,361
23,machine-10-3,diff,theta,-0.03219,0.54204,-0.01187,0.82214,361
23,machine-10-3,diff,alpha,0.29831,0.0,0.30178,0.0,361
23,machine-10-3,diff,beta,0.01185,0.82244,0.03041,0.56473,361
23,machine-10-3,diff,gamma,-0.10458,0.04707,-0.07147,0.17545,361
23,machine-10-4,label0,delta,0.08486,0.10746,0.08761,0.09652,361
23,machine-10-4,label0,theta,0.31058,0.0,0.306,0.0,361
23,machine-10-4,label0,alpha,0.05919,0.26198,0.05181,0.32624,361
23,machine-10-4,label0,beta,-0.23435,1e-05,-0.23126,1e-05,361
23,machine-10-4,label0,gamma,0.04337,0.41134,0.02935,0.57837,361
23,machine-10-4,label1,delta,0.14581,0.00551,0.13647,0.00943,361
23,machine-10-4,label1,theta,0.17011,0.00118,0.19786,0.00015,361
23,machine-10-4,label1,alpha,0.27992,0.0,0.27689,0.0,361
23,machine-10-4,label1,beta,-0.21152,5e-05,-0.18044,0.00057,361
23,machine-10-4,label1,gamma,-0.00655,0.90135,-0.00602,0.9093,361
23,machine-10-4,diff,delta,-0.2505,0.0,-0.2343,1e-05,361
23,machine-10-4,diff,theta,-0.02126,0.68722,-0.02165,0.68177,361
23,machine-10-4,diff,alpha,0.20841,7e-05,0.23428,1e-05,361
23,machine-10-4,diff,beta,-0.20987,6e-05,-0.18854,0.00032,361
23,machine-10-4,diff,gamma,-0.13266,0.01164,-0.11531,0.02848,361
23,machine-11-1,label0,delta,0.00822,0.87635,0.0081,0.87816,361
23,machine-11-1,label0,theta,0.00957,0.85622,0.01104,0.83438,361
23,machine-11-1,label0,alpha,-0.30636,0.0,-0.3129,0.0,361
23,machine-11-1,label0,beta,0.04665,0.37679,0.06036,0.25269,361
23,machine-11-1,label0,gamma,-0.07102,0.17818,-0.09078,0.08498,361
23,machine-11-1,label1,delta,0.07139,0.1759,0.07985,0.12996,361
23,machine-11-1,label1,theta,-0.02985,0.5718,0.01538,0.77082,361
23,machine-11-1,label1,alpha,-0.14166,0.00702,-0.16186,0.00204,361
23,machine-11-1,label1,beta,-0.03677,0.4862,0.02526,0.6324,361
23,machine-11-1,label1,gamma,0.11715,0.02602,0.15035,0.0042,361
23,machine-11-1,diff,delta,0.15069,0.00411,0.04884,0.35483,361
23,machine-11-1,diff,theta,0.27027,0.0,0.20695,7e-05,361
23,machine-11-1,diff,alpha,-0.00213,0.96787,0.07768,0.14074,361
23,machine-11-1,diff,beta,0.21941,3e-05,0.22269,2e-05,361
23,machine-11-1,diff,gamma,-0.03175,0.54768,-0.00732,0.88979,361
23,machine-11-2,label0,delta,0.25713,0.0,0.27746,0.0,361
23,machine-11-2,label0,theta,0.02614,0.62063,0.16073,0.00219,361
23,machine-11-2,label0,alpha,-0.48162,0.0,-0.4023,0.0,361
23,machine-11-2,label0,beta,0.15084,0.00407,0.1268,0.01592,361
23,machine-11-2,label0,gamma,-0.19257,0.00023,-0.19074,0.00027,361
23,machine-11-2,label1,delta,0.01436,0.78576,0.19233,0.00024,361
23,machine-11-2,label1,theta,-0.09035,0.08648,-0.03258,0.53718,361
23,machine-11-2,label1,alpha,-0.25298,0.0,-0.20585,8e-05,361
23,machine-11-2,label1,beta,-0.0853,0.10567,-0.05197,0.32481,361
23,machine-11-2,label1,gamma,0.08704,0.09869,0.0375,0.47755,361
23,machine-11-2,diff,delta,-0.30697,0.0,-0.32859,0.0,361
23,machine-11-2,diff,theta,0.07548,0.15236,0.10016,0.05728,361
23,machine-11-2,diff,alpha,-0.01262,0.8112,0.01066,0.84005,361
23,machine-11-2,diff,beta,-0.10898,0.03849,-0.01101,0.8349,361
23,machine-11-2,diff,gamma,-0.05932,0.26091,-0.0549,0.29824,361
23,machine-11-3,label0,delta,0.23856,0.0,0.32637,0.0,361
23,machine-11-3,label0,theta,0.0657,0.21303,0.24839,0.0,361
23,machine-11-3,label0,alpha,-0.48779,0.0,-0.45392,0.0,361
23,machine-11-3,label0,beta,0.01278,0.80875,0.0511,0.33299,361
23,machine-11-3,label0,gamma,-0.26099,0.0,-0.26981,0.0,361
23,machine-11-3,label1,delta,0.26919,0.0,0.41558,0.0,361
23,machine-11-3,label1,theta,-0.09234,0.07976,0.06116,0.24641,361
23,machine-11-3,label1,alpha,-0.4688,0.0,-0.44679,0.0,361
23,machine-11-3,label1,beta,-0.08048,0.12694,-0.03497,0.50772,361
23,machine-11-3,label1,gamma,-0.0077,0.88405,-0.03938,0.45574,361
23,machine-11-3,diff,delta,0.06301,0.23236,0.07173,0.17387,361
23,machine-11-3,diff,theta,0.07437,0.15851,0.04576,0.38604,361
23,machine-11-3,diff,alpha,-0.24358,0.0,-0.16593,0.00156,361
23,machine-11-3,diff,beta,-0.04183,0.42812,-0.08856,0.09295,361
23,machine-11-3,diff,gamma,-0.01333,0.80072,0.01958,0.71086,361
23,machine-11-4,label0,delta,0.28081,0.0,0.31643,0.0,361
23,machine-11-4,label0,theta,-0.03451,0.51342,0.11828,0.02461,361
23,machine-11-4,label0,alpha,-0.52964,0.0,-0.49566,0.0,361
23,machine-11-4,label0,beta,0.01189,0.82187,0.01531,0.77193,361
23,machine-11-4,label0,gamma,-0.29992,0.0,-0.31049,0.0,361
23,machine-11-4,label1,delta,0.1214,0.02105,0.27775,0.0,361
23,machine-11-4,label1,theta,0.03431,0.51575,0.12614,0.01649,361
23,machine-11-4,label1,alpha,-0.45804,0.0,-0.43387,0.0,361
23,machine-11-4,label1,beta,-0.0125,0.81291,-0.00069,0.98951,361
23,machine-11-4,label1,gamma,0.17179,0.00105,0.09241,0.07953,361
23,machine-11-4,diff,delta,0.06287,0.23345,0.05047,0.33892,361
23,machine-11-4,diff,theta,-0.05312,0.31414,-0.05842,0.26823,361
23,machine-11-4,diff,alpha,-0.15234,0.00372,-0.06015,0.25429,361
23,machine-11-4,diff,beta,0.07815,0.13837,0.07484,0.15587,361
23,machine-11-4,diff,gamma,-0.00066,0.98995,0.01572,0.76596,361
23,machine-2-1,label0,delta,0.16765,0.00139,0.18333,0.00046,361
23,machine-2-1,label0,theta,0.03085,0.55901,0.04292,0.41616,361
23,machine-2-1,label0,alpha,0.14347,0.00632,0.16387,0.00178,361
23,machine-2-1,label0,beta,0.08856,0.09293,0.05606,0.28815,361
23,machine-2-1,label0,gamma,0.00217,0.96729,-0.02271,0.66722,361
23,machine-2-1,label1,delta,-0.0963,0.0676,-0.10101,0.05518,361
23,machine-2-1,label1,theta,0.09546,0.07004,0.13986,0.00779,361
23,machine-2-1,label1,alpha,-0.17915,0.00063,-0.16696,0.00145,361
23,machine-2-1,label1,beta,-0.26533,0.0,-0.23785,0.0,361
23,machine-2-1,label1,gamma,-0.04979,0.34551,-0.08439,0.10945,361
23,machine-2-1,diff,delta,0.18587,0.00038,0.16271,0.00193,361
23,machine-2-1,diff,theta,0.08566,0.1042,0.04899,0.35336,361
23,machine-2-1,diff,alpha,0.26236,0.0,0.25776,0.0,361
23,machine-2-1,diff,beta,0.09229,0.07991,0.04335,0.41153,361
23,machine-2-1,diff,gamma,0.07625,0.14824,0.0741,0.16006,361
23,machine-2-2,label0,delta,0.18371,0.00045,0.21693,3e-05,361
23,machine-2-2,label0,theta,0.25458,0.0,0.34056,0.0,361
23,machine-2-2,label0,alpha,0.19645,0.00017,0.27403,0.0,361
23,machine-2-2,label0,beta,-0.0325,0.53826,-0.09046,0.08609,361
23,machine-2-2,label0,gamma,-0.09832,0.06203,-0.08931,0.09018,361
23,machine-2-2,label1,delta,0.04365,0.40826,0.03248,0.53851,361
23,machine-2-2,label1,theta,0.03417,0.51752,0.09079,0.08498,361
23,machine-2-2,label1,alpha,-0.04082,0.43935,-0.01251,0.81281,361
23,machine-2-2,label1,beta,-0.30178,0.0,-0.33828,0.0,361
23,machine-2-2,label1,gamma,0.07275,0.16783,0.05162,0.32809,361
23,machine-2-2,diff,delta,-0.16161,0.00207,-0.0625,0.23619,361
23,machine-2-2,diff,theta,-0.24839,0.0,-0.31725,0.0,361
23,machine-2-2,diff,alpha,-0.02233,0.67239,-0.03801,0.47161,361
23,machine-2-2,diff,beta,-0.0568,0.28181,-0.06511,0.21716,361
23,machine-2-2,diff,gamma,0.14108,0.00726,0.07582,0.15053,361
23,machine-2-3,label0,delta,0.28374,0.0,0.29309,0.0,361
23,machine-2-3,label0,theta,0.32108,0.0,0.36952,0.0,361
23,machine-2-3,label0,alpha,0.23085,1e-05,0.29016,0.0,361
23,machine-2-3,label0,beta,-0.084,0.11109,-0.06955,0.18738,361
23,machine-2-3,label0,gamma,0.02574,0.62599,0.02512,0.63435,361
23,machine-2-3,label1,delta,0.21271,5e-05,0.20573,8e-05,361
23,machine-2-3,label1,theta,0.15792,0.00262,0.1942,0.00021,361
23,machine-2-3,label1,alpha,0.04727,0.37056,0.08515,0.10625,361
23,machine-2-3,label1,beta,-0.21674,3e-05,-0.24403,0.0,361
23,machine-2-3,label1,gamma,0.12034,0.02221,0.12058,0.02194,361
23,machine-2-3,diff,delta,-0.15566,0.00302,-0.17643,0.00076,361
23,machine-2-3,diff,theta,0.0154,0.77053,0.08703,0.09875,361
23,machine-2-3,diff,alpha,-0.14889,0.00458,-0.0943,0.07354,361
23,machine-2-3,diff,beta,-0.03314,0.53017,0.08422,0.11018,361
23,machine-2-3,diff,gamma,-0.02973,0.57341,-0.01187,0.82214,361
23,machine-2-4,label0,delta,0.03451,0.51342,0.01763,0.73845,361
23,machine-2-4,label0,theta,-0.06457,0.22102,-0.07355,0.16316,361
23,machine-2-4,label0,alpha,0.09034,0.08651,0.08737,0.09743,361
23,machine-2-4,label0,beta,-0.16418,0.00175,-0.12869,0.01442,361
23,machine-2-4,label0,gamma,0.1765,0.00076,0.16969,0.00121,361
23,machine-2-4,label1,delta,-0.08263,0.11708,-0.12285,0.01955,361
23,machine-2-4,label1,theta,0.00938,0.85899,-0.00057,0.9914,361
23,machine-2-4,label1,alpha,0.11177,0.03376,0.10017,0.05726,361
23,machine-2-4,label1,beta,0.10399,0.04834,0.09719,0.06511,361
23,machine-2-4,label1,gamma,0.10741,0.04138,0.11747,0.02562,361
23,machine-2-4,diff,delta,-0.2452,0.0,-0.15367,0.00342,361
23,machine-2-4,diff,theta,-0.10187,0.05313,-0.08887,0.0918,361
23,machine-2-4,diff,alpha,0.12483,0.01766,0.27341,0.0,361
23,machine-2-4,diff,beta,0.11664,0.02669,0.09861,0.06126,361
23,machine-2-4,diff,gamma,0.09455,0.07277,-0.05019,0.3417,361
23,machine-3-1,label0,delta,-0.00987,0.85173,0.08816,0.09443,361
23,machine-3-1,label0,theta,0.08301,0.11538,0.10689,0.0424,361
23,machine-3-1,label0,alpha,0.05949,0.25957,0.03475,0.51044,361
23,machine-3-1,label0,beta,-0.04706,0.37267,-0.04128,0.43423,361
23,machine-3-1,label0,gamma,-0.06494,0.21836,-0.05023,0.34126,361
23,machine-3-1,label1,delta,-0.06351,0.22867,-0.065,0.21796,361
23,machine-3-1,label1,theta,0.07681,0.14526,0.04938,0.34947,361
23,machine-3-1,label1,alpha,0.06025,0.25354,0.04804,0.36278,361
23,machine-3-1,label1,beta,-0.06625,0.2092,-0.05942,0.26014,361
23,machine-3-1,label1,gamma,-0.01973,0.70876,0.00039,0.99415,361
23,machine-3-1,diff,delta,0.02833,0.59158,-0.00911,0.86299,361
23,machine-3-1,diff,theta,-0.10658,0.04299,-0.11214,0.03316,361
23,machine-3-1,diff,alpha,-0.04355,0.40938,-0.06703,0.20388,361
23,machine-3-1,diff,beta,-0.02915,0.58088,-0.0181,0.73178,361
23,machine-3-1,diff,gamma,0.04526,0.39118,0.03498,0.50769,361
23,machine-3-2,label0,delta,0.10286,0.05085,0.15599,0.00296,361
23,machine-3-2,label0,theta,0.15546,0.00306,0.20471,9e-05,361
23,machine-3-2,label0,alpha,0.00344,0.94808,0.02165,0.6818,361
23,machine-3-2,label0,beta,-0.00621,0.90641,-0.00835,0.87439,361
23,machine-3-2,label0,gamma,-0.11419,0.03008,-0.13275,0.01158,361
23,machine-3-2,label1,delta,0.10665,0.04285,0.08899,0.09137,361
23,machine-3-2,label1,theta,0.13643,0.00945,0.12518,0.01733,361
23,machine-3-2,label1,alpha,-0.16836,0.00132,-0.17023,0.00117,361
23,machine-3-2,label1,beta,-0.16424,0.00174,-0.11609,0.02742,361
23,machine-3-2,label1,gamma,0.01756,0.73951,0.02395,0.65022,361
23,machine-3-2,diff,delta,-0.07783,0.13995,-0.10442,0.04741,361
23,machine-3-2,diff,theta,0.02414,0.64759,0.01212,0.81844,361
23,machine-3-2,diff,alpha,-0.1139,0.03049,-0.1272,0.0156,361
23,machine-3-2,diff,beta,-0.16496,0.00166,-0.19287,0.00023,361
23,machine-3-2,diff,gamma,0.02177,0.68012,0.038,0.47173,361
23,machine-3-3,label0,delta,0.14246,0.00671,0.19412,0.00021,361
23,machine-3-3,label0,theta,-0.04305,0.41484,0.01705,0.74683,361
23,machine-3-3,label0,alpha,-0.12389,0.01853,-0.07815,0.13836,361
23,machine-3-3,label0,beta,-0.10914,0.0382,-0.06267,0.23494,361
23,machine-3-3,label0,gamma,0.02142,0.68507,0.03404,0.51906,361
23,machine-3-3,label1,delta,-0.21461,4e-05,-0.20182,0.00011,361
23,machine-3-3,label1,theta,-0.06151,0.2437,-0.05532,0.29451,361
23,machine-3-3,label1,alpha,-0.17166,0.00106,-0.14642,0.00531,361
23,machine-3-3,label1,beta,-0.10501,0.04617,-0.07259,0.16875,361
23,machine-3-3,label1,gamma,-0.10177,0.05337,-0.09464,0.0725,361
23,machine-3-3,diff,delta,-0.11876,0.02403,-0.14942,0.00444,361
23,machine-3-3,diff,theta,0.07771,0.14058,0.10544,0.0453,361
23,machine-3-3,diff,alpha,0.06403,0.2249,0.0548,0.2991,361
23,machine-3-3,diff,beta,0.02929,0.57913,0.03252,0.53796,361
23,machine-3-3,diff,gamma,-0.02572,0.6262,0.00312,0.95293,361
23,machine-3-4,label0,delta,0.11741,0.0257,0.19019,0.00028,361
23,machine-3-4,label0,theta,0.02541,0.63037,0.03376,0.52259,361
23,machine-3-4,label0,alpha,-0.23537,1e-05,-0.22231,2e-05,361
23,machine-3-4,label0,beta,-0.03146,0.5513,-0.04105,0.43687,361
23,machine-3-4,label0,gamma,0.1033,0.04985,0.10994,0.03681,361
23,machine-3-4,label1,delta,-0.15764,0.00267,-0.15759,0.00268,361
23,machine-3-4,label1,theta,-0.02885,0.58483,-0.04134,0.43359,361
23,machine-3-4,label1,alpha,-0.33987,0.0,-0.31254,0.0,361
23,machine-3-4,label1,beta,-0.12889,0.01426,-0.08832,0.09383,361
23,machine-3-4,label1,gamma,-0.02755,0.60186,-0.00777,0.88307,361
23,machine-3-4,diff,delta,-0.28123,0.0,-0.37121,0.0,361
23,machine-3-4,diff,theta,-0.12993,0.01349,-0.17126,0.00109,361
23,machine-3-4,diff,alpha,-0.31053,0.0,-0.28061,0.0,361
23,machine-3-4,diff,beta,-0.29727,0.0,-0.3288,0.0,361
23,machine-3-4,diff,gamma,-0.04407,0.40381,-0.05351,0.31061,361
23,machine-4-1,label0,delta,0.22697,1e-05,0.20589,8e-05,361
23,machine-4-1,label0,theta,0.28569,0.0,0.29092,0.0,361
23,machine-4-1,label0,alpha,0.03112,0.55559,0.03621,0.49282,361
23,machine-4-1,label0,beta,0.04846,0.35855,0.07006,0.18413,361
23,machine-4-1,label0,gamma,0.23815,0.0,0.20282,0.0001,361
23,machine-4-1,label1,delta,-0.287,0.0,-0.32137,0.0,361
23,machine-4-1,label1,theta,0.12028,0.02227,0.15723,0.00274,361
23,machine-4-1,label1,alpha,-0.13058,0.01302,-0.12309,0.01931,361
23,machine-4-1,label1,beta,-0.06013,0.25445,-0.06651,0.20742,361
23,machine-4-1,label1,gamma,0.25542,0.0,0.27711,0.0,361
23,machine-4-1,diff,delta,-0.29773,0.0,-0.26971,0.0,361
23,machine-4-1,diff,theta,-0.00514,0.92253,-0.07001,0.18443,361
23,machine-4-1,diff,alpha,-0.06251,0.2361,-0.11132,0.03449,361
23,machine-4-1,diff,beta,0.00604,0.90892,0.05362,0.30965,361
23,machine-4-1,diff,gamma,-0.07242,0.16975,-0.04618,0.3817,361
23,machine-4-2,label0,delta,-0.11851,0.02433,-0.17158,0.00106,361
23,machine-4-2,label0,theta,0.09951,0.05892,0.02838,0.59095,361
23,machine-4-2,label0,alpha,0.0847,0.10815,0.06323,0.23073,361
23,machine-4-2,label0,beta,-0.10013,0.05734,-0.04116,0.43554,361
23,machine-4-2,label0,gamma,0.10564,0.04487,0.11591,0.02766,361
23,machine-4-2,label1,delta,-0.20827,7e-05,-0.19512,0.00019,361
23,machine-4-2,label1,theta,0.04532,0.39057,0.07021,0.18317,361
23,machine-4-2,label1,alpha,-0.00115,0.98258,-0.00137,0.97936,361
23,machine-4-2,label1,beta,-0.139,0.00818,-0.16343,0.00184,361
23,machine-4-2,label1,gamma,-0.0358,0.49778,-0.05161,0.32818,361
23,machine-4-2,diff,delta,0.07023,0.18304,0.0679,0.19807,361
23,machine-4-2,diff,theta,0.03701,0.48326,0.03718,0.4813,361
23,machine-4-2,diff,alpha,0.04661,0.37722,0.07079,0.17956,361
23,machine-4-2,diff,beta,-0.13838,0.00847,-0.12611,0.01651,361
23,machine-4-2,diff,gamma,0.09359,0.07576,0.02965,0.57448,361
23,machine-4-3,label0,delta,-0.09883,0.06068,-0.12019,0.02237,361
23,machine-4-3,label0,theta,0.05175,0.32681,0.02945,0.57709,361
23,machine-4-3,label0,alpha,0.12741,0.01542,0.13328,0.01125,361
23,machine-4-3,label0,beta,-0.09347,0.07612,-0.08012,0.12866,361
23,machine-4-3,label0,gamma,0.06274,0.23443,0.07454,0.15757,361
23,machine-4-3,label1,delta,-0.1934,0.00022,-0.23043,1e-05,361
23,machine-4-3,label1,theta,-0.0149,0.77781,0.00194,0.97073,361
23,machine-4-3,label1,alpha,-0.01316,0.80316,-0.04357,0.40915,361
23,machine-4-3,label1,beta,-0.1589,0.00246,-0.16873,0.00129,361
23,machine-4-3,label1,gamma,0.0523,0.32168,0.03274,0.53522,361
23,machine-4-3,diff,delta,-0.2075,7e-05,-0.22085,2e-05,361
23,machine-4-3,diff,theta,0.07629,0.14803,0.05728,0.27769,361
23,machine-4-3,diff,alpha,0.1376,0.00885,0.09893,0.06043,361
23,machine-4-3,diff,beta,-0.03479,0.51001,-0.03918,0.45797,361
23,machine-4-3,diff,gamma,0.05985,0.25668,0.01288,0.8073,361
23,machine-4-4,label0,delta,-0.01737,0.7422,-0.03453,0.51315,361
23,machine-4-4,label0,theta,0.12579,0.01679,0.08384,0.11178,361
23,machine-4-4,label0,alpha,0.06923,0.18939,0.04188,0.42755,361
23,machine-4-4,label0,beta,-0.24709,0.0,-0.25064,0.0,361
23,machine-4-4,label0,gamma,9e-05,0.99861,-0.00076,0.98845,361
23,machine-4-4,label1,delta,-0.18529,0.0004,-0.20326,0.0001,361
23,machine-4-4,label1,theta,-0.01198,0.82058,-0.01479,0.7795,361
23,machine-4-4,label1,alpha,0.06319,0.23107,0.02952,0.57607,361
23,machine-4-4,label1,beta,-0.22058,2e-05,-0.22824,1e-05,361
23,machine-4-4,label1,gamma,-0.00138,0.97922,-0.00857,0.87107,361
23,machine-4-4,diff,delta,0.03853,0.46554,0.02696,0.60969,361
23,machine-4-4,diff,theta,0.07035,0.18233,0.01036,0.84445,361
23,machine-4-4,diff,alpha,0.22079,2e-05,0.21252,5e-05,361
23,machine-4-4,diff,beta,0.14724,0.00506,0.18469,0.00042,361
23,machine-4-4,diff,gamma,0.08286,0.11605,-0.00404,0.93901,361
23,machine-5-1,label0,delta,0.17193,0.00104,0.13008,0.01338,361
23,machine-5-1,label0,theta,0.15859,0.00251,0.16314,0.00187,361
23,machine-5-1,label0,alpha,-0.12654,0.01614,-0.13604,0.00966,361
23,machine-5-1,label0,beta,-0.07629,0.14799,-0.06782,0.1986,361
23,machine-5-1,label0,gamma,0.03237,0.53989,0.03272,0.53547,361
23,machine-5-1,label1,delta,-0.0182,0.73043,0.00123,0.98136,361
23,machine-5-1,label1,theta,-0.06663,0.20658,-0.05754,0.27553,361
23,machine-5-1,label1,alpha,-0.09625,0.06775,-0.09099,0.08428,361
23,machine-5-1,label1,beta,-0.15896,0.00245,-0.15816,0.00258,361
23,machine-5-1,label1,gamma,-0.04496,0.3944,-0.08902,0.09125,361
23,machine-5-1,diff,delta,-0.22361,2e-05,-0.22738,1e-05,361
23,machine-5-1,diff,theta,-0.03636,0.49098,-0.04884,0.35483,361
23,machine-5-1,diff,alpha,-0.05773,0.27397,-0.09027,0.08676,361
23,machine-5-1,diff,beta,0.08711,0.09842,0.09751,0.06421,361
23,machine-5-1,diff,gamma,0.13572,0.00983,0.13938,0.008,361
23,machine-5-2,label0,delta,-0.12872,0.01439,-0.1873,0.00035,361
23,machine-5-2,label0,theta,-0.15263,0.00365,-0.16236,0.00197,361
23,machine-5-2,label0,alpha,0.05487,0.29845,0.04564,0.38721,361
23,machine-5-2,label0,beta,-0.08797,0.09513,-0.09985,0.05804,361
23,machine-5-2,label0,gamma,0.12263,0.01977,0.13896,0.0082,361
23,machine-5-2,label1,delta,-0.18812,0.00033,-0.27815,0.0,361
23,machine-5-2,label1,theta,-0.07862,0.13598,-0.08701,0.0988,361
23,machine-5-2,label1,alpha,-0.11491,0.02903,-0.13072,0.01293,361
23,machine-5-2,label1,beta,-0.10579,0.04456,-0.10048,0.05648,361
23,machine-5-2,label1,gamma,0.30688,0.0,0.29571,0.0,361
23,machine-5-2,diff,delta,-0.11206,0.0333,-0.11595,0.0276,361
23,machine-5-2,diff,theta,-0.13406,0.01078,-0.14412,0.00608,361
23,machine-5-2,diff,alpha,-0.07352,0.16332,-0.08782,0.0957,361
23,machine-5-2,diff,beta,-0.0657,0.21299,-0.05502,0.29713,361
23,machine-5-2,diff,gamma,0.11589,0.02768,0.1144,0.02977,361
23,machine-5-3,label0,delta,0.11808,0.02486,0.15512,0.00313,361
23,machine-5-3,label0,theta,-0.04715,0.37175,-0.0273,0.60517,361
23,machine-5-3,label0,alpha,0.03996,0.44905,0.04324,0.41275,361
23,machine-5-3,label0,beta,-0.27759,0.0,-0.26991,0.0,361
23,machine-5-3,label0,gamma,-0.06004,0.25517,-0.04794,0.36378,361
23,machine-5-3,label1,delta,-0.01542,0.77025,-0.01935,0.71412,361
23,machine-5-3,label1,theta,0.01433,0.78616,0.02941,0.57748,361
23,machine-5-3,label1,alpha,-0.01528,0.77232,-0.03015,0.56798,361
23,machine-5-3,label1,beta,-0.30729,0.0,-0.29744,0.0,361
23,machine-5-3,label1,gamma,0.11944,0.02323,0.14376,0.00622,361
23,machine-5-3,diff,delta,-0.00591,0.91089,0.00498,0.92483,361
23,machine-5-3,diff,theta,0.03581,0.49765,0.05349,0.31082,361
23,machine-5-3,diff,alpha,0.16022,0.00226,0.14968,0.00437,361
23,machine-5-3,diff,beta,0.03005,0.56929,0.0102,0.8468,361
23,machine-5-3,diff,gamma,0.06343,0.22929,0.03888,0.46149,361
23,machine-5-4,label0,delta,0.40768,0.0,0.42454,0.0,361
23,machine-5-4,label0,theta,0.01862,0.72441,0.04247,0.42111,361
23,machine-5-4,label0,alpha,-0.04422,0.40223,-0.03404,0.51916,361
23,machine-5-4,label0,beta,-0.3143,0.0,-0.28666,0.0,361
23,machine-5-4,label0,gamma,-0.13166,0.01229,-0.12781,0.0151,361
23,machine-5-4,label1,delta,0.08325,0.11431,0.08399,0.11112,361
23,machine-5-4,label1,theta,0.11503,0.02888,0.12579,0.01679,361
23,machine-5-4,label1,alpha,-0.05831,0.26914,-0.06561,0.21363,361
23,machine-5-4,label1,beta,-0.33085,0.0,-0.30999,0.0,361
23,machine-5-4,label1,gamma,0.0749,0.15558,0.10267,0.05128,361
23,machine-5-4,diff,delta,-0.31468,0.0,-0.28309,0.0,361
23,machine-5-4,diff,theta,-0.07585,0.15039,-0.10887,0.03869,361
23,machine-5-4,diff,alpha,-0.01648,0.755,0.00659,0.90072,361
23,machine-5-4,diff,beta,-0.09241,0.07954,-0.08807,0.09478,361
23,machine-5-4,diff,gamma,0.08552,0.10477,0.07364,0.16266,361
23,machine-6-1,label0,delta,0.02245,0.6707,-0.01924,0.71568,361
23,machine-6-1,label0,theta,0.25652,0.0,0.23037,1e-05,361
23,machine-6-1,label0,alpha,0.08794,0.09525,0.07996,0.12943,361
23,machine-6-1,label0,beta,-0.01537,0.77105,-0.02407,0.64849,361
23,machine-6-1,label0,gamma,0.02857,0.58841,0.02356,0.65545,361
23,machine-6-1,label1,delta,0.33017,0.0,0.34598,0.0,361
23,machine-6-1,label1,theta,0.0381,0.47046,0.03002,0.56967,361
23,machine-6-1,label1,alpha,-0.11657,0.02678,-0.13031,0.01321,361
23,machine-6-1,label1,beta,-0.07511,0.15442,-0.11848,0.02437,361
23,machine-6-1,label1,gamma,0.10902,0.03841,0.09131,0.08317,361
23,machine-6-1,diff,delta,0.36622,0.0,0.4003,0.0,361
23,machine-6-1,diff,theta,-0.18926,0.0003,-0.16694,0.00146,361
23,machine-6-1,diff,alpha,-0.07795,0.13934,-0.06439,0.22227,361
23,machine-6-1,diff,beta,-0.04621,0.38139,-0.0503,0.34058,361
23,machine-6-1,diff,gamma,0.05363,0.30952,0.04815,0.36161,361
23,machine-6-2,label0,delta,0.27661,0.0,0.32335,0.0,361
23,machine-6-2,label0,theta,-0.05691,0.28089,-0.04915,0.35173,361
23,machine-6-2,label0,alpha,-0.11006,0.0366,-0.09163,0.08212,361
23,machine-6-2,label0,beta,-0.24025,0.0,-0.24568,0.0,361
23,machine-6-2,label0,gamma,-0.09325,0.07681,-0.09441,0.07319,361
23,machine-6-2,label1,delta,-0.04642,0.37915,-0.0652,0.21655,361
23,machine-6-2,label1,theta,-0.10785,0.04056,-0.13647,0.00943,361
23,machine-6-2,label1,alpha,-0.21712,3e-05,-0.2122,5e-05,361
23,machine-6-2,label1,beta,-0.11752,0.02556,-0.09883,0.06067,361
23,machine-6-2,label1,gamma,-0.18471,0.00042,-0.17139,0.00108,361
23,machine-6-2,diff,delta,-0.158,0.00261,-0.26561,0.0,361
23,machine-6-2,diff,theta,-0.12966,0.01369,-0.11271,0.03229,361
23,machine-6-2,diff,alpha,-0.17152,0.00107,-0.15211,0.00377,361
23,machine-6-2,diff,beta,0.04015,0.44698,0.08897,0.09143,361
23,machine-6-2,diff,gamma,-0.13908,0.00814,-0.07353,0.16326,361
23,machine-6-3,label0,delta,0.06377,0.2268,0.1217,0.02073,361
23,machine-6-3,label0,theta,-0.05933,0.26083,-0.04273,0.41824,361
23,machine-6-3,label0,alpha,-0.16989,0.00119,-0.19656,0.00017,361
23,machine-6-3,label0,beta,-0.03507,0.50654,-0.06032,0.25298,361
23,machine-6-3,label0,gamma,-0.00506,0.92368,-0.01186,0.82228,361
23,machine-6-3,label1,delta,-0.19652,0.00017,-0.21608,3e-05,361
23,machine-6-3,label1,theta,-0.071,0.17828,-0.09654,0.06691,361
23,machine-6-3,label1,alpha,-0.21429,4e-05,-0.22566,1e-05,361
23,machine-6-3,label1,beta,-0.07409,0.16007,-0.05409,0.30539,361
23,machine-6-3,label1,gamma,-0.18598,0.00038,-0.18057,0.00057,361
23,machine-6-3,diff,delta,-0.13646,0.00943,-0.19412,0.00021,361
23,machine-6-3,diff,theta,-0.09427,0.07364,-0.13448,0.01053,361
23,machine-6-3,diff,alpha,-0.04597,0.3838,-0.09417,0.07395,361
23,machine-6-3,diff,beta,-0.01026,0.84594,0.04258,0.41985,361
23,machine-6-3,diff,gamma,-0.10134,0.05439,-0.09856,0.06138,361
23,machine-6-4,label0,delta,-0.01551,0.76905,0.06857,0.19368,361
23,machine-6-4,label0,theta,-0.00815,0.87739,0.01189,0.82187,361
23,machine-6-4,label0,alpha,-0.13524,0.01009,-0.16908,0.00126,361
23,machine-6-4,label0,beta,-0.1336,0.01105,-0.15571,0.00301,361
23,machine-6-4,label0,gamma,-0.06283,0.23372,-0.0704,0.18201,361
23,machine-6-4,label1,delta,-0.2051,9e-05,-0.22313,2e-05,361
23,machine-6-4,label1,theta,-0.07842,0.13696,-0.15132,0.00395,361
23,machine-6-4,label1,alpha,-0.22028,2e-05,-0.22282,2e-05,361
23,machine-6-4,label1,beta,-0.18994,0.00028,-0.17947,0.00061,361
23,machine-6-4,label1,gamma,-0.18562,0.00039,-0.17251,0.001,361
23,machine-6-4,diff,delta,-0.15754,0.00268,-0.24699,0.0,361
23,machine-6-4,diff,theta,-0.06097,0.24793,-0.15043,0.00418,361
23,machine-6-4,diff,alpha,0.07579,0.15067,0.05234,0.32135,361
23,machine-6-4,diff,beta,0.06841,0.19467,0.06621,0.20947,361
23,machine-6-4,diff,gamma,-0.30541,0.0,-0.25403,0.0,361
23,machine-7-1,label0,delta,0.11051,0.03584,0.15325,0.00351,361
23,machine-7-1,label0,theta,0.23355,1e-05,0.24206,0.0,361
23,machine-7-1,label0,alpha,0.12621,0.01642,0.10461,0.04702,361
23,machine-7-1,label0,beta,-0.08452,0.10891,-0.06697,0.2043,361
23,machine-7-1,label0,gamma,0.21038,6e-05,0.24726,0.0,361
23,machine-7-1,label1,delta,-0.13331,0.01123,-0.11036,0.03609,361
23,machine-7-1,label1,theta,-0.09162,0.08214,-0.09482,0.07195,361
23,machine-7-1,label1,alpha,0.044,0.40452,0.07856,0.13626,361
23,machine-7-1,label1,beta,0.0009,0.98634,-0.02316,0.66094,361
23,machine-7-1,label1,gamma,0.09954,0.05884,0.05971,0.25783,361
23,machine-7-1,diff,delta,-0.25155,0.0,-0.26842,0.0,361
23,machine-7-1,diff,theta,-0.18257,0.00049,-0.18164,0.00052,361
23,machine-7-1,diff,alpha,0.1632,0.00187,0.16051,0.00222,361
23,machine-7-1,diff,beta,0.09019,0.08705,0.08979,0.08847,361
23,machine-7-1,diff,gamma,-0.11577,0.02785,-0.096,0.06846,361
23,machine-7-2,label0,delta,0.12612,0.0165,0.08972,0.08872,361
23,machine-7-2,label0,theta,0.38972,0.0,0.41697,0.0,361
23,machine-7-2,label0,alpha,0.12657,0.01612,0.15242,0.0037,361
23,machine-7-2,label0,beta,-0.1175,0.02558,-0.14602,0.00544,361
23,machine-7-2,label0,gamma,0.02464,0.64082,0.03469,0.5112,361
23,machine-7-2,label1,delta,0.30835,0.0,0.31228,0.0,361
23,machine-7-2,label1,theta,0.02189,0.67848,0.01244,0.81379,361
23,machine-7-2,label1,alpha,0.29255,0.0,0.31664,0.0,361
23,machine-7-2,label1,beta,-0.038,0.47171,-0.05655,0.28394,361
23,machine-7-2,label1,gamma,-0.01084,0.83744,0.04299,0.41545,361
23,machine-7-2,diff,delta,-0.02776,0.59912,0.00145,0.97805,361
23,machine-7-2,diff,theta,-0.27915,0.0,-0.29274,0.0,361
23,machine-7-2,diff,alpha,0.05126,0.33145,0.0778,0.14011,361
23,machine-7-2,diff,beta,0.10378,0.0488,0.11035,0.03611,361
23,machine-7-2,diff,gamma,-0.18393,0.00044,-0.16366,0.00181,361
23,machine-7-3,label0,delta,0.19749,0.00016,0.23603,1e-05,361
23,machine-7-3,label0,theta,0.18426,0.00043,0.28418,0.0,361
23,machine-7-3,label0,alpha,-0.1333,0.01124,-0.09814,0.0625,361
23,machine-7-3,label0,beta,-0.10811,0.04008,-0.13865,0.00834,361
23,machine-7-3,label0,gamma,-0.15227,0.00373,-0.16731,0.00142,361
23,machine-7-3,label1,delta,0.12978,0.0136,0.22517,2e-05,361
23,machine-7-3,label1,theta,-0.06459,0.22088,-0.03982,0.45068,361
23,machine-7-3,label1,alpha,-0.00891,0.86601,-0.01497,0.77689,361
23,machine-7-3,label1,beta,-0.17816,0.00067,-0.1868,0.00036,361
23,machine-7-3,label1,gamma,0.17861,0.00065,0.16938,0.00124,361
23,machine-7-3,diff,delta,-0.1689,0.00128,-0.19858,0.00015,361
23,machine-7-3,diff,theta,0.35963,0.0,0.37704,0.0,361
23,machine-7-3,diff,alpha,0.20737,7e-05,0.20534,8e-05,361
23,machine-7-3,diff,beta,-0.08577,0.10374,-0.07924,0.1329,361
23,machine-7-3,diff,gamma,-0.05053,0.33838,-0.03138,0.55226,361
23,machine-7-4,label0,delta,0.23997,0.0,0.3275,0.0,361
23,machine-7-4,label0,theta,0.0647,0.22008,0.20198,0.00011,361
23,machine-7-4,label0,alpha,-0.10049,0.05644,-0.07687,0.14496,361
23,machine-7-4,label0,beta,-0.19344,0.00022,-0.21078,5e-05,361
23,machine-7-4,label0,gamma,-0.14545,0.00563,-0.16772,0.00138,361
23,machine-7-4,label1,delta,0.10622,0.0437,0.21488,4e-05,361
23,machine-7-4,label1,theta,-0.00251,0.96215,0.06249,0.2363,361
23,machine-7-4,label1,alpha,-0.13574,0.00982,-0.14733,0.00503,361
23,machine-7-4,label1,beta,-0.02803,0.59555,-0.02881,0.58531,361
23,machine-7-4,label1,gamma,0.11483,0.02915,0.09574,0.06924,361
23,machine-7-4,diff,delta,-0.22925,1e-05,-0.19154,0.00025,361
23,machine-7-4,diff,theta,-0.12598,0.01662,-0.12768,0.0152,361
23,machine-7-4,diff,alpha,0.08237,0.11821,0.14625,0.00537,361
23,machine-7-4,diff,beta,-0.0604,0.25232,-0.06134,0.24499,361
23,machine-7-4,diff,gamma,0.02251,0.66986,0.01336,0.80034,361
23,machine-8-1,label0,delta,-0.15477,0.0032,-0.18621,0.00038,361
23,machine-8-1,label0,theta,0.06786,0.19832,0.0453,0.39076,361
23,machine-8-1,label0,alpha,-0.00419,0.93676,-0.02084,0.69314,361
23,machine-8-1,label0,beta,0.08897,0.09144,0.08165,0.12147,361
23,machine-8-1,label0,gamma,0.22665,1e-05,0.24361,0.0,361
23,machine-8-1,label1,delta,0.23637,1e-05,0.24205,0.0,361
23,machine-8-1,label1,theta,-0.10867,0.03905,-0.0831,0.11499,361
23,machine-8-1,label1,alpha,-0.12733,0.01549,-0.12689,0.01585,361
23,machine-8-1,label1,beta,-0.00402,0.93936,-0.00776,0.88324,361
23,machine-8-1,label1,gamma,0.00688,0.89638,0.00504,0.92399,361
23,machine-8-1,diff,delta,0.24495,0.0,0.26697,0.0,361
23,machine-8-1,diff,theta,-0.10002,0.05761,-0.10701,0.04216,361
23,machine-8-1,diff,alpha,-0.04886,0.35458,-0.09555,0.06978,361
23,machine-8-1,diff,beta,-0.33143,0.0,-0.34177,0.0,361
23,machine-8-1,diff,gamma,-0.1418,0.00696,-0.12321,0.01919,361
23,machine-8-2,label0,delta,0.08372,0.11231,0.15698,0.00278,361
23,machine-8-2,label0,theta,0.14227,0.00678,0.14407,0.0061,361
23,machine-8-2,label0,alpha,0.24015,0.0,0.30873,0.0,361
23,machine-8-2,label0,beta,0.19488,0.00019,0.25441,0.0,361
23,machine-8-2,label0,gamma,0.10474,0.04673,0.1347,0.0104,361
23,machine-8-2,label1,delta,0.2362,1e-05,0.22505,2e-05,361
23,machine-8-2,label1,theta,0.18668,0.00036,0.18218,0.0005,361
23,machine-8-2,label1,alpha,0.15822,0.00257,0.2072,7e-05,361
23,machine-8-2,label1,beta,-0.00305,0.9539,-0.00519,0.92174,361
23,machine-8-2,label1,gamma,0.07862,0.13596,0.12389,0.01853,361
23,machine-8-2,diff,delta,-0.00502,0.92426,-0.0535,0.3107,361
23,machine-8-2,diff,theta,0.03877,0.46275,0.06402,0.225,361
23,machine-8-2,diff,alpha,0.02448,0.64298,0.0406,0.44186,361
23,machine-8-2,diff,beta,0.07017,0.18345,0.08949,0.08954,361
23,machine-8-2,diff,gamma,-0.00993,0.8509,0.05209,0.32367,361
23,machine-8-3,label0,delta,0.42127,0.0,0.47056,0.0,361
23,machine-8-3,label0,theta,0.38964,0.0,0.39283,0.0,361
23,machine-8-3,label0,alpha,0.22348,2e-05,0.2753,0.0,361
23,machine-8-3,label0,beta,0.1677,0.00138,0.22277,2e-05,361
23,machine-8-3,label0,gamma,0.14563,0.00557,0.22013,2e-05,361
23,machine-8-3,label1,delta,0.50711,0.0,0.47582,0.0,361
23,machine-8-3,label1,theta,0.23663,1e-05,0.27428,0.0,361
23,machine-8-3,label1,alpha,-0.04072,0.44049,0.04076,0.44002,361
23,machine-8-3,label1,beta,-0.1665,0.0015,-0.16056,0.00221,361
23,machine-8-3,label1,gamma,0.1668,0.00147,0.15797,0.00261,361
23,machine-8-3,diff,delta,-0.31278,0.0,-0.29754,0.0,361
23,machine-8-3,diff,theta,0.20654,8e-05,0.21192,5e-05,361
23,machine-8-3,diff,alpha,0.14984,0.00433,0.10041,0.05664,361
23,machine-8-3,diff,beta,-0.04018,0.44667,-0.02626,0.61902,361
23,machine-8-3,diff,gamma,0.07561,0.15169,0.0792,0.13312,361
23,machine-8-4,label0,delta,0.31313,0.0,0.34458,0.0,361
23,machine-8-4,label0,theta,0.18472,0.00042,0.18687,0.00036,361
23,machine-8-4,label0,alpha,0.22267,2e-05,0.25897,0.0,361
23,machine-8-4,label0,beta,0.22733,1e-05,0.26408,0.0,361
23,machine-8-4,label0,gamma,0.20507,9e-05,0.22788,1e-05,361
23,machine-8-4,label1,delta,0.20901,6e-05,0.20701,7e-05,361
23,machine-8-4,label1,theta,0.17846,0.00066,0.19337,0.00022,361
23,machine-8-4,label1,alpha,0.13539,0.01001,0.19805,0.00015,361
23,machine-8-4,label1,beta,-0.08415,0.11047,-0.0784,0.13707,361
23,machine-8-4,label1,gamma,0.11429,0.02993,0.09583,0.06898,361
23,machine-8-4,diff,delta,-0.04674,0.37588,-0.09397,0.07456,361
23,machine-8-4,diff,theta,0.23799,0.0,0.23288,1e-05,361
23,machine-8-4,diff,alpha,-0.18892,0.00031,-0.16296,0.00189,361
23,machine-8-4,diff,beta,-0.06994,0.1849,-0.0762,0.14851,361
23,machine-8-4,diff,gamma,0.16979,0.0012,0.14524,0.0057,361
23,machine-9-1,label0,delta,0.24213,0.0,0.20693,7e-05,361
23,machine-9-1,label0,theta,0.21254,5e-05,0.1932,0.00022,361
23,machine-9-1,label0,alpha,0.32003,0.0,0.33411,0.0,361
23,machine-9-1,label0,beta,0.32213,0.0,0.31282,0.0,361
23,machine-9-1,label0,gamma,-0.08707,0.09857,-0.09354,0.0759,361
23,machine-9-1,label1,delta,-0.16705,0.00145,-0.15165,0.00388,361
23,machine-9-1,label1,theta,-0.1925,0.00023,-0.14873,0.00463,361
23,machine-9-1,label1,alpha,0.26179,0.0,0.22173,2e-05,361
23,machine-9-1,label1,beta,0.11271,0.03229,0.10243,0.05183,361
23,machine-9-1,label1,gamma,-0.17727,0.00072,-0.16622,0.00153,361
23,machine-9-1,diff,delta,-0.36573,0.0,-0.34494,0.0,361
23,machine-9-1,diff,theta,0.48993,0.0,0.44487,0.0,361
23,machine-9-1,diff,alpha,0.0293,0.57901,0.02148,0.68413,361
23,machine-9-1,diff,beta,-0.02464,0.64072,0.00234,0.96464,361
23,machine-9-1,diff,gamma,-0.22867,1e-05,-0.20569,8e-05,361
23,machine-9-2,label0,delta,0.20308,0.0001,0.27305,0.0,361
23,machine-9-2,label0,theta,-0.33702,0.0,-0.3244,0.0,361
23,machine-9-2,label0,alpha,-0.21477,4e-05,-0.19789,0.00015,361
23,machine-9-2,label0,beta,-0.19745,0.00016,-0.18093,0.00055,361
23,machine-9-2,label0,gamma,0.00673,0.89867,-0.03674,0.48656,361
23,machine-9-2,label1,delta,-0.17625,0.00077,-0.17287,0.00097,361
23,machine-9-2,label1,theta,-0.41637,0.0,-0.45921,0.0,361
23,machine-9-2,label1,alpha,0.36343,0.0,0.32905,0.0,361
23,machine-9-2,label1,beta,-0.04548,0.38888,-0.06908,0.19034,361
23,machine-9-2,label1,gamma,-0.11206,0.0333,-0.19544,0.00019,361
23,machine-9-2,diff,delta,0.05176,0.32674,0.0261,0.62118,361
23,machine-9-2,diff,theta,0.16304,0.00188,0.01292,0.80679,361
23,machine-9-2,diff,alpha,-0.05011,0.34242,0.00795,0.88036,361
23,machine-9-2,diff,beta,0.03618,0.49315,-0.00872,0.8689,361
23,machine-9-2,diff,gamma,-0.09622,0.06785,-0.15695,0.00279,361
23,machine-9-3,label0,delta,0.1146,0.02948,0.11785,0.02514,361
23,machine-9-3,label0,theta,-0.02055,0.69715,-0.00264,0.96016,361
23,machine-9-3,label0,alpha,-0.0802,0.12825,-0.10779,0.04067,361
23,machine-9-3,label0,beta,-0.13822,0.00855,-0.13021,0.01329,361
23,machine-9-3,label0,gamma,-0.00265,0.96002,0.00214,0.96765,361
23,machine-9-3,label1,delta,-0.29493,0.0,-0.29519,0.0,361
23,machine-9-3,label1,theta,-0.51634,0.0,-0.50962,0.0,361
23,machine-9-3,label1,alpha,0.37467,0.0,0.36935,0.0,361
23,machine-9-3,label1,beta,0.08326,0.11428,0.08119,0.12361,361
23,machine-9-3,label1,gamma,0.04357,0.40919,-0.0074,0.88863,361
23,machine-9-3,diff,delta,-0.17827,0.00067,-0.1881,0.00033,361
23,machine-9-3,diff,theta,-0.43862,0.0,-0.46698,0.0,361
23,machine-9-3,diff,alpha,0.39727,0.0,0.35619,0.0,361
23,machine-9-3,diff,beta,0.17295,0.00097,0.13781,0.00874,361
23,machine-9-3,diff,gamma,-0.09454,0.07282,-0.07329,0.16464,361
23,machine-9-4,label0,delta,0.3537,0.0,0.35839,0.0,361
23,machine-9-4,label0,theta,0.00146,0.97788,-0.01824,0.72975,361
23,machine-9-4,label0,alpha,-0.07774,0.14043,-0.06725,0.20242,361
23,machine-9-4,label0,beta,-0.15094,0.00405,-0.13594,0.00971,361
23,machine-9-4,label0,gamma,0.05647,0.28456,0.04478,0.39628,361
23,machine-9-4,label1,delta,-0.18567,0.00039,-0.15634,0.0029,361
23,machine-9-4,label1,theta,-0.33244,0.0,-0.32001,0.0,361
23,machine-9-4,label1,alpha,0.2898,0.0,0.28246,0.0,361
23,machine-9-4,label1,beta,0.01374,0.79475,0.00889,0.86632,361
23,machine-9-4,label1,gamma,-0.07142,0.17572,-0.14529,0.00568,361
23,machine-9-4,diff,delta,0.05328,0.31269,0.06979,0.18584,361
23,machine-9-4,diff,theta,-0.5163,0.0,-0.53519,0.0,361
23,machine-9-4,diff,alpha,0.44526,0.0,0.43624,0.0,361
23,machine-9-4,diff,beta,0.13432,0.01063,0.12201,0.02041,361
23,machine-9-4,diff,gamma,-0.16285,0.00191,-0.20517,9e-05,361
